"fips","county","state","Year","Ton_ha","state_fips"
19197,"iowa,wright","Iowa",2011,11.9200209902845,19
19193,"iowa,woodbury","Iowa",2013,10.3068322622681,19
19141,"iowa,o'brien","Iowa",2004,11.4429690707154,19
19173,"iowa,taylor","Iowa",2004,9.91138132894111,19
19097,"iowa,jackson","Iowa",2001,9.54103839138093,19
19113,"iowa,linn","Iowa",2014,11.0537951363301,19
19041,"iowa,clay","Iowa",2016,12.6795378622299,19
19135,"iowa,monroe","Iowa",2010,4.85839718087424,19
19193,"iowa,woodbury","Iowa",2010,10.3131092612098,19
19083,"iowa,hardin","Iowa",2016,13.0561577987318,19
19059,"iowa,dickinson","Iowa",2010,11.3613680844733,19
19027,"iowa,carroll","Iowa",2007,10.6269592082947,19
19069,"iowa,franklin","Iowa",2013,11.2734900992896,19
19033,"iowa,cerro gordo","Iowa",2002,10.5767432167611,19
19001,"iowa,adair","Iowa",2007,10.0871372993087,19
19095,"iowa,iowa","Iowa",2001,9.67913236809828,19
19127,"iowa,marshall","Iowa",2009,11.2044431109309,19
19033,"iowa,cerro gordo","Iowa",2014,10.5641892188777,19
19195,"iowa,worth","Iowa",2014,11.3927530791818,19
19111,"iowa,lee","Iowa",2016,12.2150399405443,19
19153,"iowa,polk","Iowa",2013,9.0137704802783,19
19105,"iowa,jones","Iowa",2014,11.3048750939981,19
19027,"iowa,carroll","Iowa",2003,10.1561842876673,19
19115,"iowa,louisa","Iowa",2005,8.3797935871668,19
19173,"iowa,taylor","Iowa",2013,8.54927255859265,19
19141,"iowa,o'brien","Iowa",2003,10.6081282114696,19
19053,"iowa,decatur","Iowa",2016,11.367645083415,19
19067,"iowa,floyd","Iowa",2009,10.9219781585545,19
19063,"iowa,emmet","Iowa",2013,10.4449262389854,19
19061,"iowa,dubuque","Iowa",2003,9.86116533740752,19
19095,"iowa,iowa","Iowa",2014,12.0581149670018,19
19043,"iowa,clayton","Iowa",2010,11.1040111278637,19
19175,"iowa,union","Iowa",2009,9.65402437233149,19
19173,"iowa,taylor","Iowa",2014,11.223274107756,19
19079,"iowa,hamilton","Iowa",2002,11.4618000675405,19
19127,"iowa,marshall","Iowa",2001,9.59753138185621,19
19053,"iowa,decatur","Iowa",2001,7.31898076601984,19
19125,"iowa,marion","Iowa",2002,10.1812922834341,19
19039,"iowa,clarke","Iowa",2010,5.30406410573479,19
19105,"iowa,jones","Iowa",2013,11.2546591024645,19
19113,"iowa,linn","Iowa",2007,11.0914571299803,19
19095,"iowa,iowa","Iowa",2002,11.0286871405633,19
19023,"iowa,butler","Iowa",2011,11.7191570241501,19
19105,"iowa,jones","Iowa",2003,10.2942782643847,19
19157,"iowa,poweshiek","Iowa",2010,9.6163623786813,19
19163,"iowa,scott","Iowa",2015,12.2966409267863,19
19141,"iowa,o'brien","Iowa",2013,12.2589789331362,19
19097,"iowa,jackson","Iowa",2002,10.3382172569766,19
19085,"iowa,harrison","Iowa",2009,12.3531339172616,19
19031,"iowa,cedar","Iowa",2014,11.555955051666,19
19143,"iowa,osceola","Iowa",2013,11.4241380738903,19
19161,"iowa,sac","Iowa",2010,11.9074669924011,19
19187,"iowa,webster","Iowa",2012,9.36528242101338,19
19123,"iowa,mahaska","Iowa",2001,8.96355448874471,19
19155,"iowa,pottawattamie","Iowa",2001,8.66225853954321,19
19065,"iowa,fayette","Iowa",2013,11.3739220823567,19
19081,"iowa,hancock","Iowa",2014,10.9157011596128,19
19153,"iowa,polk","Iowa",2012,9.35900542207169,19
19041,"iowa,clay","Iowa",2001,8.58065755330114,19
19093,"iowa,ida","Iowa",2010,12.0392839701767,19
19019,"iowa,buchanan","Iowa",2005,11.2169971088143,19
19081,"iowa,hancock","Iowa",2015,12.6293218706963,19
19151,"iowa,pocahontas","Iowa",2009,11.9325749881679,19
19093,"iowa,ida","Iowa",2004,11.6124480421413,19
19143,"iowa,osceola","Iowa",2015,12.8490168336558,19
19105,"iowa,jones","Iowa",2001,10.5767432167611,19
19117,"iowa,lucas","Iowa",2016,10.9596401522047,19
19075,"iowa,grundy","Iowa",2006,11.097734128922,19
19117,"iowa,lucas","Iowa",2004,9.71679436174847,19
19085,"iowa,harrison","Iowa",2013,11.1165651257471,19
19177,"iowa,van buren","Iowa",2009,9.3276204273632,19
19107,"iowa,keokuk","Iowa",2001,8.91961549615283,19
19185,"iowa,wayne","Iowa",2008,6.46530890994892,19
19083,"iowa,hardin","Iowa",2002,11.1479501204556,19
19197,"iowa,wright","Iowa",2005,11.4869080633073,19
19145,"iowa,page","Iowa",2006,9.57242338608942,19
19187,"iowa,webster","Iowa",2004,12.0706689648852,19
19153,"iowa,polk","Iowa",2007,11.160504118339,19
19017,"iowa,bremer","Iowa",2003,9.58497738397281,19
19159,"iowa,ringgold","Iowa",2006,8.93216949403622,19
19027,"iowa,carroll","Iowa",2001,8.95727748980302,19
19055,"iowa,delaware","Iowa",2001,10.6269592082947,19
19095,"iowa,iowa","Iowa",2007,11.1730581162224,19
19015,"iowa,boone","Iowa",2002,10.7336681903035,19
19107,"iowa,keokuk","Iowa",2012,7.09300880411872,19
19147,"iowa,palo alto","Iowa",2001,9.12047946228716,19
19143,"iowa,osceola","Iowa",2011,11.5747860484911,19
19039,"iowa,clarke","Iowa",2004,9.86116533740752,19
19135,"iowa,monroe","Iowa",2002,9.91765832788281,19
19133,"iowa,monona","Iowa",2003,8.90706149826943,19
19179,"iowa,wapello","Iowa",2009,9.82978034269903,19
19047,"iowa,crawford","Iowa",2013,9.90510432999941,19
19007,"iowa,appanoose","Iowa",2009,9.60380838079791,19
19195,"iowa,worth","Iowa",2007,10.9721941500881,19
19105,"iowa,jones","Iowa",2005,9.3087894305381,19
19019,"iowa,buchanan","Iowa",2002,11.493185062249,19
19067,"iowa,floyd","Iowa",2015,12.3343029204365,19
19127,"iowa,marshall","Iowa",2008,11.2985980950564,19
19137,"iowa,montgomery","Iowa",2006,10.288001265443,19
19129,"iowa,mills","Iowa",2011,9.72934835963187,19
19169,"iowa,story","Iowa",2015,11.8007580103922,19
19103,"iowa,johnson","Iowa",2002,11.1165651257471,19
19171,"iowa,tama","Iowa",2008,11.2358281056394,19
19177,"iowa,van buren","Iowa",2003,8.90706149826943,19
19071,"iowa,fremont","Iowa",2002,6.06358097768025,19
19087,"iowa,henry","Iowa",2007,11.3927530791818,19
19167,"iowa,sioux","Iowa",2015,12.6732608632882,19
19155,"iowa,pottawattamie","Iowa",2012,8.27936160409963,19
19171,"iowa,tama","Iowa",2016,13.0812657944986,19
19017,"iowa,bremer","Iowa",2011,12.3343029204365,19
19065,"iowa,fayette","Iowa",2015,12.0392839701767,19
19121,"iowa,madison","Iowa",2005,9.72307136069017,19
19049,"iowa,dallas","Iowa",2008,10.7336681903035,19
19043,"iowa,clayton","Iowa",2013,11.3739220823567,19
19197,"iowa,wright","Iowa",2008,10.2942782643847,19
19019,"iowa,buchanan","Iowa",2015,12.0267299722933,19
19155,"iowa,pottawattamie","Iowa",2002,8.78779851837717,19
19053,"iowa,decatur","Iowa",2005,10.288001265443,19
19167,"iowa,sioux","Iowa",2002,10.4009872463935,19
19087,"iowa,henry","Iowa",2001,8.96983148768641,19
19175,"iowa,union","Iowa",2004,10.0683063024836,19
19045,"iowa,clinton","Iowa",2013,11.6501100357914,19
19005,"iowa,allamakee","Iowa",2002,9.96159732047469,19
19129,"iowa,mills","Iowa",2012,8.084774636907,19
19129,"iowa,mills","Iowa",2007,9.25229644006282,19
19041,"iowa,clay","Iowa",2015,12.7297538537635,19
19001,"iowa,adair","Iowa",2003,8.24169961044945,19
19049,"iowa,dallas","Iowa",2015,11.4492460696571,19
19109,"iowa,kossuth","Iowa",2009,12.0267299722933,19
19009,"iowa,audubon","Iowa",2014,11.6438330368498,19
19179,"iowa,wapello","Iowa",2003,8.04711264325681,19
19099,"iowa,jasper","Iowa",2005,11.8321430051007,19
19103,"iowa,johnson","Iowa",2006,10.7838841818371,19
19099,"iowa,jasper","Iowa",2016,13.4767167278256,19
19039,"iowa,clarke","Iowa",2016,10.288001265443,19
19093,"iowa,ida","Iowa",2013,11.1542271193973,19
19181,"iowa,warren","Iowa",2002,9.48454540090565,19
19145,"iowa,page","Iowa",2001,8.36723958928341,19
19105,"iowa,jones","Iowa",2010,10.6018512125279,19
19131,"iowa,mitchell","Iowa",2016,12.4975048929207,19
19141,"iowa,o'brien","Iowa",2007,10.5265272252275,19
19127,"iowa,marshall","Iowa",2004,11.618725041083,19
19183,"iowa,washington","Iowa",2008,11.2985980950564,19
19107,"iowa,keokuk","Iowa",2007,10.953363153263,19
19055,"iowa,delaware","Iowa",2011,11.7066030262667,19
19073,"iowa,greene","Iowa",2012,7.82114068135568,19
19171,"iowa,tama","Iowa",2010,11.0914571299803,19
19173,"iowa,taylor","Iowa",2008,8.47394857129227,19
19131,"iowa,mitchell","Iowa",2001,9.13303346017056,19
19083,"iowa,hardin","Iowa",2003,10.6395132061781,19
19113,"iowa,linn","Iowa",2010,10.6897291977117,19
19081,"iowa,hancock","Iowa",2004,11.0789031320969,19
19057,"iowa,des moines","Iowa",2006,9.99298231518318,19
19017,"iowa,bremer","Iowa",2004,11.5810630474328,19
19171,"iowa,tama","Iowa",2015,11.8949129945177,19
19123,"iowa,mahaska","Iowa",2002,10.5955742135862,19
19021,"iowa,buena vista","Iowa",2002,9.99298231518318,19
19061,"iowa,dubuque","Iowa",2014,11.6061710431996,19
19091,"iowa,humboldt","Iowa",2012,9.17069545382075,19
19047,"iowa,crawford","Iowa",2012,8.24169961044945,19
19077,"iowa,guthrie","Iowa",2006,9.99298231518318,19
19165,"iowa,shelby","Iowa",2016,13.5143787214757,19
19171,"iowa,tama","Iowa",2014,11.4680770664822,19
19061,"iowa,dubuque","Iowa",2002,10.9031471617294,19
19087,"iowa,henry","Iowa",2016,12.491227893979,19
19183,"iowa,washington","Iowa",2009,10.7399451892452,19
19095,"iowa,iowa","Iowa",2013,10.4135412442769,19
19003,"iowa,adams","Iowa",2010,8.74385952578528,19
19129,"iowa,mills","Iowa",2009,12.0016219765265,19
19043,"iowa,clayton","Iowa",2014,11.0914571299803,19
19155,"iowa,pottawattamie","Iowa",2005,10.7399451892452,19
19045,"iowa,clinton","Iowa",2015,11.8133120082756,19
19191,"iowa,winneshiek","Iowa",2003,9.20835744747093,19
19163,"iowa,scott","Iowa",2013,10.5328042241692,19
19131,"iowa,mitchell","Iowa",2012,8.24797660939115,19
19195,"iowa,worth","Iowa",2004,10.68345219877,19
19061,"iowa,dubuque","Iowa",2012,9.37783641889678,19
19007,"iowa,appanoose","Iowa",2007,9.54103839138093,19
19129,"iowa,mills","Iowa",2008,9.79211834904885,19
19019,"iowa,buchanan","Iowa",2009,10.7022831955951,19
19141,"iowa,o'brien","Iowa",2005,11.6124480421413,19
19133,"iowa,monona","Iowa",2013,10.9973021458549,19
19051,"iowa,davis","Iowa",2015,8.93844649297792,19
19153,"iowa,polk","Iowa",2005,10.9659171511464,19
19121,"iowa,madison","Iowa",2001,9.07026347075358,19
19125,"iowa,marion","Iowa",2009,10.3696022516851,19
19041,"iowa,clay","Iowa",2002,9.0137704802783,19
19137,"iowa,montgomery","Iowa",2008,10.0431983067168,19
19029,"iowa,cass","Iowa",2015,12.158546950069,19
19089,"iowa,howard","Iowa",2006,10.3758792506268,19
19163,"iowa,scott","Iowa",2012,8.26680760621624,19
19149,"iowa,plymouth","Iowa",2003,9.96159732047469,19
19133,"iowa,monona","Iowa",2011,9.9364893247079,19
19151,"iowa,pocahontas","Iowa",2002,10.5202502262858,19
19191,"iowa,winneshiek","Iowa",2014,10.9219781585545,19
19025,"iowa,calhoun","Iowa",2009,10.5641892188777,19
19085,"iowa,harrison","Iowa",2015,11.8949129945177,19
19059,"iowa,dickinson","Iowa",2011,10.6269592082947,19
19013,"iowa,black hawk","Iowa",2006,11.6438330368498,19
19055,"iowa,delaware","Iowa",2015,12.2903639278446,19
19089,"iowa,howard","Iowa",2002,10.3319402580349,19
19113,"iowa,linn","Iowa",2011,10.6144052104113,19
19067,"iowa,floyd","Iowa",2014,10.2189542770843,19
19059,"iowa,dickinson","Iowa",2016,11.8007580103922,19
19191,"iowa,winneshiek","Iowa",2007,10.9219781585545,19
19147,"iowa,palo alto","Iowa",2007,10.7211141924201,19
19005,"iowa,allamakee","Iowa",2010,11.034964139505,19
19077,"iowa,guthrie","Iowa",2004,10.8529311701958,19
19145,"iowa,page","Iowa",2003,7.92784966336455,19
19115,"iowa,louisa","Iowa",2008,10.9219781585545,19
19117,"iowa,lucas","Iowa",2006,8.64970454165982,19
19063,"iowa,emmet","Iowa",2006,10.4135412442769,19
19153,"iowa,polk","Iowa",2015,11.7379880209752,19
19175,"iowa,union","Iowa",2016,11.4869080633073,19
19165,"iowa,shelby","Iowa",2011,10.8968701627877,19
19177,"iowa,van buren","Iowa",2015,9.9364893247079,19
19161,"iowa,sac","Iowa",2012,8.20403761679926,19
19083,"iowa,hardin","Iowa",2001,9.89882733105771,19
19187,"iowa,webster","Iowa",2005,11.9325749881679,19
19165,"iowa,shelby","Iowa",2002,9.23346544323773,19
19121,"iowa,madison","Iowa",2015,10.6457902051198,19
19039,"iowa,clarke","Iowa",2007,9.49709939878904,19
19081,"iowa,hancock","Iowa",2005,11.4429690707154,19
19047,"iowa,crawford","Iowa",2016,13.4013927405252,19
19057,"iowa,des moines","Iowa",2007,12.4598428992705,19
19021,"iowa,buena vista","Iowa",2006,8.9949394834532,19
19047,"iowa,crawford","Iowa",2006,8.7061975321351,19
19037,"iowa,chickasaw","Iowa",2010,11.4241380738903,19
19185,"iowa,wayne","Iowa",2016,10.953363153263,19
19109,"iowa,kossuth","Iowa",2008,10.7336681903035,19
19015,"iowa,boone","Iowa",2016,13.0812657944986,19
19173,"iowa,taylor","Iowa",2003,7.30642676813645,19
19149,"iowa,plymouth","Iowa",2015,12.7799698452971,19
19119,"iowa,lyon","Iowa",2015,12.302917925728,19
19075,"iowa,grundy","Iowa",2003,10.8341001733707,19
19091,"iowa,humboldt","Iowa",2016,12.9368948188395,19
19175,"iowa,union","Iowa",2012,5.47982007610234,19
19101,"iowa,jefferson","Iowa",2015,10.557912219936,19
19019,"iowa,buchanan","Iowa",2008,10.4825882326356,19
19107,"iowa,keokuk","Iowa",2008,9.85488833846583,19
19055,"iowa,delaware","Iowa",2016,12.698368859055,19
19139,"iowa,muscatine","Iowa",2008,10.4198182432186,19
19009,"iowa,audubon","Iowa",2008,11.3613680844733,19
19045,"iowa,clinton","Iowa",2014,12.365687915145,19
19157,"iowa,poweshiek","Iowa",2009,11.5810630474328,19
19131,"iowa,mitchell","Iowa",2002,11.1416731215139,19
19115,"iowa,louisa","Iowa",2010,7.85252567606417,19
19095,"iowa,iowa","Iowa",2010,9.9490433225913,19
19113,"iowa,linn","Iowa",2009,11.9074669924011,19
19125,"iowa,marion","Iowa",2015,11.1793351151641,19
19097,"iowa,jackson","Iowa",2004,10.6457902051198,19
19013,"iowa,black hawk","Iowa",2003,9.49709939878904,19
19147,"iowa,palo alto","Iowa",2005,11.7066030262667,19
19097,"iowa,jackson","Iowa",2007,10.6332362072364,19
19083,"iowa,hardin","Iowa",2009,10.225231276026,19
19143,"iowa,osceola","Iowa",2008,10.9847481479715,19
19085,"iowa,harrison","Iowa",2004,11.1291191236305,19
19177,"iowa,van buren","Iowa",2006,9.90510432999941,19
19145,"iowa,page","Iowa",2014,11.4492460696571,19
19075,"iowa,grundy","Iowa",2015,12.5477208844543,19
19043,"iowa,clayton","Iowa",2011,11.7254340230918,19
19077,"iowa,guthrie","Iowa",2010,8.86939950461924,19
19031,"iowa,cedar","Iowa",2012,9.97415131835809,19
19173,"iowa,taylor","Iowa",2007,8.63715054377642,19
19197,"iowa,wright","Iowa",2004,11.7066030262667,19
19149,"iowa,plymouth","Iowa",2009,12.6230448717546,19
19193,"iowa,woodbury","Iowa",2005,10.8089921776039,19
19005,"iowa,allamakee","Iowa",2008,10.6708982008866,19
19067,"iowa,floyd","Iowa",2012,7.73326269617191,19
19045,"iowa,clinton","Iowa",2009,11.951405984993,19
19071,"iowa,fremont","Iowa",2011,9.76701035328206,19
19087,"iowa,henry","Iowa",2006,10.5390812231109,19
19163,"iowa,scott","Iowa",2003,11.3550910855316,19
19189,"iowa,winnebago","Iowa",2004,11.223274107756,19
19111,"iowa,lee","Iowa",2015,9.10792546440377,19
19025,"iowa,calhoun","Iowa",2014,11.9011899934594,19
19167,"iowa,sioux","Iowa",2016,13.3197917542831,19
19139,"iowa,muscatine","Iowa",2015,11.1542271193973,19
19107,"iowa,keokuk","Iowa",2006,10.4574802368688,19
19191,"iowa,winneshiek","Iowa",2015,11.6501100357914,19
19149,"iowa,plymouth","Iowa",2011,10.3256632590932,19
19099,"iowa,jasper","Iowa",2013,9.96787431941639,19
19065,"iowa,fayette","Iowa",2008,10.4825882326356,19
19147,"iowa,palo alto","Iowa",2013,10.5955742135862,19
19117,"iowa,lucas","Iowa",2014,9.64774737338979,19
19047,"iowa,crawford","Iowa",2015,12.4975048929207,19
19125,"iowa,marion","Iowa",2012,7.22482578189437,19
19111,"iowa,lee","Iowa",2008,10.8592081691375,19
19127,"iowa,marshall","Iowa",2007,11.6689410326165,19
19089,"iowa,howard","Iowa",2014,10.3193862601515,19
19091,"iowa,humboldt","Iowa",2014,11.1040111278637,19
19043,"iowa,clayton","Iowa",2012,9.59753138185621,19
19085,"iowa,harrison","Iowa",2014,10.1122452950754,19
19101,"iowa,jefferson","Iowa",2011,7.05534681046853,19
19023,"iowa,butler","Iowa",2008,10.9847481479715,19
19115,"iowa,louisa","Iowa",2003,9.81094934587394,19
19045,"iowa,clinton","Iowa",2003,10.8466541712541,19
19029,"iowa,cass","Iowa",2010,9.73562535857356,19
19071,"iowa,fremont","Iowa",2006,9.18324945170414,19
19161,"iowa,sac","Iowa",2015,12.8552938325975,19
19133,"iowa,monona","Iowa",2001,8.02200464749002,19
19191,"iowa,winneshiek","Iowa",2009,10.7524991871286,19
19007,"iowa,appanoose","Iowa",2016,11.6940490283833,19
19049,"iowa,dallas","Iowa",2010,8.90706149826943,19
19151,"iowa,pocahontas","Iowa",2003,10.5516352209943,19
19055,"iowa,delaware","Iowa",2013,11.5936170453162,19
19071,"iowa,fremont","Iowa",2013,10.0369213077751,19
19025,"iowa,calhoun","Iowa",2007,11.3111520929398,19
19093,"iowa,ida","Iowa",2007,10.6332362072364,19
19145,"iowa,page","Iowa",2008,8.34840859245831,19
19027,"iowa,carroll","Iowa",2010,11.4241380738903,19
19057,"iowa,des moines","Iowa",2001,8.9886624845115,19
19063,"iowa,emmet","Iowa",2015,12.761138848472,19
19193,"iowa,woodbury","Iowa",2016,12.7862468442388,19
19161,"iowa,sac","Iowa",2016,13.4516087320588,19
19081,"iowa,hancock","Iowa",2007,11.2107201098726,19
19017,"iowa,bremer","Iowa",2013,10.9910251469132,19
19157,"iowa,poweshiek","Iowa",2003,10.8529311701958,19
19149,"iowa,plymouth","Iowa",2004,11.6501100357914,19
19163,"iowa,scott","Iowa",2001,10.8968701627877,19
19155,"iowa,pottawattamie","Iowa",2006,10.7713301839537,19
19123,"iowa,mahaska","Iowa",2016,12.8490168336558,19
19023,"iowa,butler","Iowa",2015,12.1334389543022,19
19077,"iowa,guthrie","Iowa",2013,8.16637562314907,19
19033,"iowa,cerro gordo","Iowa",2009,10.6583442030032,19
19141,"iowa,o'brien","Iowa",2009,12.428457904562,19
19123,"iowa,mahaska","Iowa",2009,11.4492460696571,19
19069,"iowa,franklin","Iowa",2014,10.4072642453352,19
19127,"iowa,marshall","Iowa",2003,11.2734900992896,19
19051,"iowa,davis","Iowa",2007,9.87999633423262,19
19165,"iowa,shelby","Iowa",2015,12.2589789331362,19
19125,"iowa,marion","Iowa",2004,10.6897291977117,19
19193,"iowa,woodbury","Iowa",2002,9.37783641889678,19
19099,"iowa,jasper","Iowa",2012,9.47199140302225,19
19099,"iowa,jasper","Iowa",2004,12.1899319447775,19
19109,"iowa,kossuth","Iowa",2012,10.3319402580349,19
19161,"iowa,sac","Iowa",2009,11.5810630474328,19
19081,"iowa,hancock","Iowa",2009,11.2044431109309,19
19127,"iowa,marshall","Iowa",2013,10.2440622728511,19
19043,"iowa,clayton","Iowa",2001,9.57242338608942,19
19157,"iowa,poweshiek","Iowa",2013,9.9490433225913,19
19021,"iowa,buena vista","Iowa",2012,9.3025124315964,19
19139,"iowa,muscatine","Iowa",2001,9.43432940937206,19
19049,"iowa,dallas","Iowa",2016,12.8050778410639,19
19183,"iowa,washington","Iowa",2004,11.4178610749486,19
19075,"iowa,grundy","Iowa",2016,12.4598428992705,19
19015,"iowa,boone","Iowa",2003,10.6960061966534,19
19045,"iowa,clinton","Iowa",2012,8.76269052261038,19
19011,"iowa,benton","Iowa",2006,10.7587761860703,19
19041,"iowa,clay","Iowa",2014,10.4386492400437,19
19037,"iowa,chickasaw","Iowa",2001,8.80662951520226,19
19179,"iowa,wapello","Iowa",2011,7.99061965278153,19
19005,"iowa,allamakee","Iowa",2005,11.1353961225722,19
19193,"iowa,woodbury","Iowa",2004,10.4260952421603,19
19031,"iowa,cedar","Iowa",2005,9.06398647181188,19
19063,"iowa,emmet","Iowa",2010,11.493185062249,19
19085,"iowa,harrison","Iowa",2011,10.6646212019449,19
19125,"iowa,marion","Iowa",2010,7.07417780729362,19
19011,"iowa,benton","Iowa",2003,10.5453582220526,19
19137,"iowa,montgomery","Iowa",2007,9.10792546440377,19
19003,"iowa,adams","Iowa",2007,9.6289163765647,19
19029,"iowa,cass","Iowa",2008,10.9219781585545,19
19135,"iowa,monroe","Iowa",2001,7.27504177342796,19
19019,"iowa,buchanan","Iowa",2014,10.6269592082947,19
19177,"iowa,van buren","Iowa",2013,9.04515547498679,19
19065,"iowa,fayette","Iowa",2009,9.95532032153299,19
19005,"iowa,allamakee","Iowa",2003,8.95727748980302,19
19071,"iowa,fremont","Iowa",2012,8.23542261150775,19
19013,"iowa,black hawk","Iowa",2014,10.3696022516851,19
19183,"iowa,washington","Iowa",2003,10.1373532908422,19
19177,"iowa,van buren","Iowa",2007,10.4072642453352,19
19071,"iowa,fremont","Iowa",2008,9.22718844429603,19
19133,"iowa,monona","Iowa",2004,10.6583442030032,19
19041,"iowa,clay","Iowa",2005,11.493185062249,19
19057,"iowa,des moines","Iowa",2016,13.1816977775658,19
19167,"iowa,sioux","Iowa",2009,12.6607068654048,19
19177,"iowa,van buren","Iowa",2002,7.88391067077266,19
19037,"iowa,chickasaw","Iowa",2013,10.7838841818371,19
19085,"iowa,harrison","Iowa",2016,12.8427398347141,19
19093,"iowa,ida","Iowa",2012,9.50337639773074,19
19091,"iowa,humboldt","Iowa",2003,10.620682209353,19
19085,"iowa,harrison","Iowa",2002,9.73562535857356,19
19141,"iowa,o'brien","Iowa",2016,13.2256367701576,19
19183,"iowa,washington","Iowa",2001,9.29623543265471,19
19125,"iowa,marion","Iowa",2007,10.4135412442769,19
19013,"iowa,black hawk","Iowa",2013,10.4260952421603,19
19055,"iowa,delaware","Iowa",2008,9.98042831729979,19
19053,"iowa,decatur","Iowa",2002,8.29191560198303,19
19073,"iowa,greene","Iowa",2009,11.8070350093339,19
19033,"iowa,cerro gordo","Iowa",2003,10.1373532908422,19
19047,"iowa,crawford","Iowa",2014,11.4869080633073,19
19079,"iowa,hamilton","Iowa",2008,9.85488833846583,19
19113,"iowa,linn","Iowa",2005,9.54103839138093,19
19049,"iowa,dallas","Iowa",2011,10.8027151786622,19
19025,"iowa,calhoun","Iowa",2004,11.5622320506077,19
19163,"iowa,scott","Iowa",2011,10.9345321564379,19
19185,"iowa,wayne","Iowa",2005,9.85488833846583,19
19053,"iowa,decatur","Iowa",2013,8.23542261150775,19
19111,"iowa,lee","Iowa",2013,9.04515547498679,19
19017,"iowa,bremer","Iowa",2009,11.8572510008675,19
19035,"iowa,cherokee","Iowa",2004,11.7442650199169,19
19147,"iowa,palo alto","Iowa",2014,10.3319402580349,19
19043,"iowa,clayton","Iowa",2007,10.8968701627877,19
19013,"iowa,black hawk","Iowa",2001,10.2126772781426,19
19167,"iowa,sioux","Iowa",2007,9.84861133952413,19
19189,"iowa,winnebago","Iowa",2011,11.0851801310386,19
19159,"iowa,ringgold","Iowa",2001,6.79798985385891,19
19131,"iowa,mitchell","Iowa",2011,11.3048750939981,19
19141,"iowa,o'brien","Iowa",2011,11.618725041083,19
19181,"iowa,warren","Iowa",2008,8.47394857129227,19
19103,"iowa,johnson","Iowa",2011,10.7901611807788,19
19041,"iowa,clay","Iowa",2011,11.6375560379081,19
19105,"iowa,jones","Iowa",2006,11.01613314268,19
19151,"iowa,pocahontas","Iowa",2011,11.3739220823567,19
19017,"iowa,bremer","Iowa",2006,11.493185062249,19
19143,"iowa,osceola","Iowa",2002,9.3276204273632,19
19117,"iowa,lucas","Iowa",2012,5.35428009726838,19
19039,"iowa,clarke","Iowa",2003,7.16833279141909,19
19015,"iowa,boone","Iowa",2004,12.0643919659435,19
19067,"iowa,floyd","Iowa",2010,11.160504118339,19
19181,"iowa,warren","Iowa",2004,10.5202502262858,19
19013,"iowa,black hawk","Iowa",2009,10.8717621670209,19
19159,"iowa,ringgold","Iowa",2010,5.9066560041378,19
19011,"iowa,benton","Iowa",2010,11.2358281056394,19
19185,"iowa,wayne","Iowa",2006,9.10164846546207,19
19191,"iowa,winneshiek","Iowa",2013,11.4115840760069,19
19019,"iowa,buchanan","Iowa",2011,11.7379880209752,19
19153,"iowa,polk","Iowa",2004,11.5120160590741,19
19013,"iowa,black hawk","Iowa",2002,11.0914571299803,19
19053,"iowa,decatur","Iowa",2004,11.01613314268,19
19081,"iowa,hancock","Iowa",2011,11.286044097173,19
19021,"iowa,buena vista","Iowa",2013,10.0745833014253,19
19075,"iowa,grundy","Iowa",2004,11.9639599828763,19
19191,"iowa,winneshiek","Iowa",2002,10.4763112336939,19
19045,"iowa,clinton","Iowa",2011,11.2985980950564,19
19023,"iowa,butler","Iowa",2004,11.7944810114505,19
19165,"iowa,shelby","Iowa",2003,8.43628657764208,19
19153,"iowa,polk","Iowa",2016,12.5414438855126,19
19181,"iowa,warren","Iowa",2003,8.52416456282586,19
19105,"iowa,jones","Iowa",2008,10.4825882326356,19
19179,"iowa,wapello","Iowa",2006,10.35077125486,19
19039,"iowa,clarke","Iowa",2008,6.8419288464508,19
19153,"iowa,polk","Iowa",2014,11.3864760802401,19
19037,"iowa,chickasaw","Iowa",2004,10.9847481479715,19
19175,"iowa,union","Iowa",2008,9.28995843371301,19
19097,"iowa,jackson","Iowa",2013,10.8717621670209,19
19195,"iowa,worth","Iowa",2011,10.8592081691375,19
19075,"iowa,grundy","Iowa",2011,10.8466541712541,19
19183,"iowa,washington","Iowa",2002,10.5076962284024,19
19099,"iowa,jasper","Iowa",2014,12.0204529733516,19
19075,"iowa,grundy","Iowa",2008,11.3613680844733,19
19005,"iowa,allamakee","Iowa",2007,10.4888652315773,19
19079,"iowa,hamilton","Iowa",2010,10.6457902051198,19
19139,"iowa,muscatine","Iowa",2014,11.8070350093339,19
19187,"iowa,webster","Iowa",2006,10.8780391659626,19
19037,"iowa,chickasaw","Iowa",2012,7.89646466865606,19
19135,"iowa,monroe","Iowa",2006,8.59948855012623,19
19061,"iowa,dubuque","Iowa",2007,11.4241380738903,19
19173,"iowa,taylor","Iowa",2010,7.67049270675493,19
19189,"iowa,winnebago","Iowa",2010,11.555955051666,19
19033,"iowa,cerro gordo","Iowa",2016,12.1522699511273,19
19113,"iowa,linn","Iowa",2006,11.0600721352718,19
19197,"iowa,wright","Iowa",2015,12.4535659003288,19
19055,"iowa,delaware","Iowa",2002,11.4869080633073,19
19147,"iowa,palo alto","Iowa",2015,12.3970729098535,19
19011,"iowa,benton","Iowa",2014,11.6375560379081,19
19125,"iowa,marion","Iowa",2001,8.79407551731887,19
19137,"iowa,montgomery","Iowa",2010,9.85488833846583,19
19195,"iowa,worth","Iowa",2001,8.33585459457492,19
19167,"iowa,sioux","Iowa",2011,11.1479501204556,19
19077,"iowa,guthrie","Iowa",2011,10.6332362072364,19
19011,"iowa,benton","Iowa",2013,10.2754472675596,19
19025,"iowa,calhoun","Iowa",2011,11.4178610749486,19
19069,"iowa,franklin","Iowa",2015,12.5665518812794,19
19113,"iowa,linn","Iowa",2013,11.2107201098726,19
19099,"iowa,jasper","Iowa",2008,11.4241380738903,19
19019,"iowa,buchanan","Iowa",2012,8.81290651414396,19
19073,"iowa,greene","Iowa",2002,10.3696022516851,19
19015,"iowa,boone","Iowa",2009,11.5120160590741,19
19089,"iowa,howard","Iowa",2012,8.64970454165982,19
19059,"iowa,dickinson","Iowa",2006,9.98042831729979,19
19119,"iowa,lyon","Iowa",2001,9.49709939878904,19
19069,"iowa,franklin","Iowa",2006,11.1479501204556,19
19171,"iowa,tama","Iowa",2009,11.4429690707154,19
19105,"iowa,jones","Iowa",2007,11.3739220823567,19
19173,"iowa,taylor","Iowa",2016,10.0369213077751,19
19053,"iowa,decatur","Iowa",2015,10.2126772781426,19
19133,"iowa,monona","Iowa",2006,6.86075984327589,19
19035,"iowa,cherokee","Iowa",2006,9.06398647181188,19
19103,"iowa,johnson","Iowa",2014,11.5873400463745,19
19103,"iowa,johnson","Iowa",2008,10.1059682961337,19
19009,"iowa,audubon","Iowa",2004,11.2734900992896,19
19001,"iowa,adair","Iowa",2004,11.430415072832,19
19147,"iowa,palo alto","Iowa",2006,10.2315082749677,19
19137,"iowa,montgomery","Iowa",2013,9.66657837021489,19
19099,"iowa,jasper","Iowa",2003,10.765053185012,19
19013,"iowa,black hawk","Iowa",2016,12.9557258156646,19
19169,"iowa,story","Iowa",2012,9.89255033211601,19
19035,"iowa,cherokee","Iowa",2015,13.156589781799,19
19027,"iowa,carroll","Iowa",2002,9.99298231518318,19
19037,"iowa,chickasaw","Iowa",2007,10.5955742135862,19
19171,"iowa,tama","Iowa",2011,10.1687382855507,19
19099,"iowa,jasper","Iowa",2010,9.58497738397281,19
19137,"iowa,montgomery","Iowa",2012,8.28563860304133,19
19033,"iowa,cerro gordo","Iowa",2007,10.8717621670209,19
19171,"iowa,tama","Iowa",2012,10.0557523046002,19
19121,"iowa,madison","Iowa",2007,10.2064002792009,19
19181,"iowa,warren","Iowa",2014,10.6646212019449,19
19119,"iowa,lyon","Iowa",2004,11.6689410326165,19
19097,"iowa,jackson","Iowa",2010,9.86744233634922,19
19031,"iowa,cedar","Iowa",2013,10.6520672040615,19
19193,"iowa,woodbury","Iowa",2012,8.46139457340888,19
19143,"iowa,osceola","Iowa",2003,9.77956435116545,19
19113,"iowa,linn","Iowa",2001,10.35077125486,19
19097,"iowa,jackson","Iowa",2005,7.79603268558889,19
19069,"iowa,franklin","Iowa",2010,10.5453582220526,19
19051,"iowa,davis","Iowa",2016,11.8446970029841,19
19121,"iowa,madison","Iowa",2014,10.7587761860703,19
19023,"iowa,butler","Iowa",2002,10.9910251469132,19
19023,"iowa,butler","Iowa",2012,7.65793870887153,19
19083,"iowa,hardin","Iowa",2007,11.1291191236305,19
19017,"iowa,bremer","Iowa",2014,9.98042831729979,19
19055,"iowa,delaware","Iowa",2004,11.0851801310386,19
19123,"iowa,mahaska","Iowa",2014,11.9200209902845,19
19177,"iowa,van buren","Iowa",2016,11.8635279998092,19
19053,"iowa,decatur","Iowa",2006,9.88627333317432,19
19111,"iowa,lee","Iowa",2003,9.42177541148867,19
19089,"iowa,howard","Iowa",2007,10.6583442030032,19
19151,"iowa,pocahontas","Iowa",2012,10.3758792506268,19
19079,"iowa,hamilton","Iowa",2015,12.4347349035037,19
19055,"iowa,delaware","Iowa",2006,11.3299830897649,19
19063,"iowa,emmet","Iowa",2005,11.4680770664822,19
19183,"iowa,washington","Iowa",2010,8.31702359774982,19
19081,"iowa,hancock","Iowa",2013,10.6646212019449,19
19101,"iowa,jefferson","Iowa",2012,6.45275491206552,19
19021,"iowa,buena vista","Iowa",2014,10.8027151786622,19
19111,"iowa,lee","Iowa",2002,8.83801450991076,19
19077,"iowa,guthrie","Iowa",2014,11.0537951363301,19
19073,"iowa,greene","Iowa",2005,11.6312790389664,19
19135,"iowa,monroe","Iowa",2003,8.13499062844058,19
19033,"iowa,cerro gordo","Iowa",2010,10.8592081691375,19
19133,"iowa,monona","Iowa",2002,8.66225853954321,19
19047,"iowa,crawford","Iowa",2001,8.63715054377642,19
19113,"iowa,linn","Iowa",2008,10.7964381797205,19
19023,"iowa,butler","Iowa",2001,9.91138132894111,19
19051,"iowa,davis","Iowa",2004,11.3174290918815,19
19091,"iowa,humboldt","Iowa",2006,11.3801990812984,19
19073,"iowa,greene","Iowa",2006,10.7085601945368,19
19115,"iowa,louisa","Iowa",2006,10.6771751998283,19
19097,"iowa,jackson","Iowa",2015,11.9639599828763,19
19183,"iowa,washington","Iowa",2011,9.81094934587394,19
19075,"iowa,grundy","Iowa",2013,11.3488140865899,19
19165,"iowa,shelby","Iowa",2010,10.7713301839537,19
19001,"iowa,adair","Iowa",2005,9.98042831729979,19
19123,"iowa,mahaska","Iowa",2006,10.4198182432186,19
19155,"iowa,pottawattamie","Iowa",2015,12.8050778410639,19
19065,"iowa,fayette","Iowa",2012,9.47826840196395,19
19115,"iowa,louisa","Iowa",2011,9.34645142418829,19
19091,"iowa,humboldt","Iowa",2008,10.7964381797205,19
19165,"iowa,shelby","Iowa",2001,8.77524452049378,19
19131,"iowa,mitchell","Iowa",2013,10.3005552633264,19
19027,"iowa,carroll","Iowa",2005,11.1102881268054,19
19155,"iowa,pottawattamie","Iowa",2003,7.97178865595643,19
19027,"iowa,carroll","Iowa",2015,12.2652559320779,19
19109,"iowa,kossuth","Iowa",2013,10.5265272252275,19
19037,"iowa,chickasaw","Iowa",2008,9.98042831729979,19
19145,"iowa,page","Iowa",2010,9.42177541148867,19
19039,"iowa,clarke","Iowa",2015,9.56614638714772,19
19177,"iowa,van buren","Iowa",2001,7.67049270675493,19
19169,"iowa,story","Iowa",2016,13.300960757458,19
19149,"iowa,plymouth","Iowa",2010,11.5936170453162,19
19043,"iowa,clayton","Iowa",2004,11.0663491342135,19
19159,"iowa,ringgold","Iowa",2008,7.21854878295268,19
19187,"iowa,webster","Iowa",2016,12.6042138749295,19
19063,"iowa,emmet","Iowa",2001,8.22914561256605,19
19007,"iowa,appanoose","Iowa",2008,7.40685875120362,19
19061,"iowa,dubuque","Iowa",2016,13.2758527616912,19
19059,"iowa,dickinson","Iowa",2014,9.91138132894111,19
19113,"iowa,linn","Iowa",2016,12.5728288802211,19
19109,"iowa,kossuth","Iowa",2014,11.0851801310386,19
19003,"iowa,adams","Iowa",2003,7.67049270675493,19
19195,"iowa,worth","Iowa",2015,12.6858148611716,19
19123,"iowa,mahaska","Iowa",2003,10.1812922834341,19
19065,"iowa,fayette","Iowa",2014,10.7273911913618,19
19033,"iowa,cerro gordo","Iowa",2005,11.5496780527243,19
19077,"iowa,guthrie","Iowa",2015,11.2483821035228,19
19169,"iowa,story","Iowa",2002,11.1165651257471,19
19061,"iowa,dubuque","Iowa",2005,11.4869080633073,19
19171,"iowa,tama","Iowa",2004,11.7066030262667,19
19197,"iowa,wright","Iowa",2014,10.6332362072364,19
19007,"iowa,appanoose","Iowa",2015,9.68540936703998,19
19173,"iowa,taylor","Iowa",2001,7.21227178401098,19
19085,"iowa,harrison","Iowa",2007,10.1561842876673,19
19043,"iowa,clayton","Iowa",2003,10.080860300367,19
19185,"iowa,wayne","Iowa",2014,10.7901611807788,19
19135,"iowa,monroe","Iowa",2013,7.23737977977777,19
19101,"iowa,jefferson","Iowa",2007,10.0369213077751,19
19125,"iowa,marion","Iowa",2013,9.81722634481564,19
19167,"iowa,sioux","Iowa",2001,10.0557523046002,19
19023,"iowa,butler","Iowa",2016,13.0122188061399,19
19157,"iowa,poweshiek","Iowa",2014,11.825866006159,19
19069,"iowa,franklin","Iowa",2007,11.0851801310386,19
19089,"iowa,howard","Iowa",2003,9.50337639773074,19
19041,"iowa,clay","Iowa",2009,11.5622320506077,19
19119,"iowa,lyon","Iowa",2009,12.1020539595937,19
19099,"iowa,jasper","Iowa",2011,10.7399451892452,19
19175,"iowa,union","Iowa",2014,11.0537951363301,19
19009,"iowa,audubon","Iowa",2015,11.9137439913428,19
19087,"iowa,henry","Iowa",2011,7.73326269617191,19
19081,"iowa,hancock","Iowa",2016,12.5728288802211,19
19135,"iowa,monroe","Iowa",2016,11.2985980950564,19
19181,"iowa,warren","Iowa",2011,8.10360563373209,19
19061,"iowa,dubuque","Iowa",2009,11.5371240548409,19
19193,"iowa,woodbury","Iowa",2007,9.6414703744481,19
19029,"iowa,cass","Iowa",2016,12.2966409267863,19
19027,"iowa,carroll","Iowa",2012,6.60967988560797,19
19067,"iowa,floyd","Iowa",2006,10.3570482538017,19
19011,"iowa,benton","Iowa",2016,12.5477208844543,19
19189,"iowa,winnebago","Iowa",2002,10.3382172569766,19
19165,"iowa,shelby","Iowa",2004,11.1165651257471,19
19045,"iowa,clinton","Iowa",2008,11.3613680844733,19
19189,"iowa,winnebago","Iowa",2008,11.1102881268054,19
19119,"iowa,lyon","Iowa",2008,11.9262979892262,19
19051,"iowa,davis","Iowa",2003,7.89018766971436,19
19073,"iowa,greene","Iowa",2008,9.98042831729979,19
19029,"iowa,cass","Iowa",2007,9.88627333317432,19
19173,"iowa,taylor","Iowa",2005,9.84233434058243,19
19017,"iowa,bremer","Iowa",2016,13.2193597712159,19
19057,"iowa,des moines","Iowa",2012,9.02004747922,19
19157,"iowa,poweshiek","Iowa",2007,11.4618000675405,19
19139,"iowa,muscatine","Iowa",2010,9.08909446757867,19
19049,"iowa,dallas","Iowa",2012,8.09732863479039,19
19153,"iowa,polk","Iowa",2010,8.75013652472698,19
19161,"iowa,sac","Iowa",2008,11.5496780527243,19
19139,"iowa,muscatine","Iowa",2006,10.4449262389854,19
19031,"iowa,cedar","Iowa",2004,11.8509740019258,19
19057,"iowa,des moines","Iowa",2010,7.03651581364343,19
19035,"iowa,cherokee","Iowa",2008,12.302917925728,19
19163,"iowa,scott","Iowa",2014,12.2087629416026,19
19077,"iowa,guthrie","Iowa",2001,8.02828164643172,19
19043,"iowa,clayton","Iowa",2015,12.1271619553605,19
19179,"iowa,wapello","Iowa",2004,11.5057390601324,19
19085,"iowa,harrison","Iowa",2008,11.0475181373884,19
19091,"iowa,humboldt","Iowa",2013,9.75445635539866,19
19165,"iowa,shelby","Iowa",2007,10.5014192294607,19
19035,"iowa,cherokee","Iowa",2012,9.96159732047469,19
19159,"iowa,ringgold","Iowa",2007,8.81918351308566,19
19129,"iowa,mills","Iowa",2010,10.0557523046002,19
19151,"iowa,pocahontas","Iowa",2007,10.4888652315773,19
19183,"iowa,washington","Iowa",2015,12.2401479363111,19
19195,"iowa,worth","Iowa",2003,9.87999633423262,19
19027,"iowa,carroll","Iowa",2009,12.5602748823377,19
19069,"iowa,franklin","Iowa",2012,9.41549841254697,19
19025,"iowa,calhoun","Iowa",2003,10.0431983067168,19
19089,"iowa,howard","Iowa",2010,12.0141759744099,19
19175,"iowa,union","Iowa",2001,7.99061965278153,19
19167,"iowa,sioux","Iowa",2013,12.1836549458358,19
19047,"iowa,crawford","Iowa",2005,11.2483821035228,19
19003,"iowa,adams","Iowa",2005,9.86116533740752,19
19145,"iowa,page","Iowa",2011,8.54927255859265,19
19135,"iowa,monroe","Iowa",2004,10.7524991871286,19
19085,"iowa,harrison","Iowa",2001,8.63715054377642,19
19109,"iowa,kossuth","Iowa",2004,11.1981661119892,19
19029,"iowa,cass","Iowa",2009,11.4492460696571,19
19051,"iowa,davis","Iowa",2014,11.5622320506077,19
19037,"iowa,chickasaw","Iowa",2009,10.6269592082947,19
19059,"iowa,dickinson","Iowa",2005,10.6960061966534,19
19067,"iowa,floyd","Iowa",2004,11.1353961225722,19
19109,"iowa,kossuth","Iowa",2003,10.7148371934784,19
19083,"iowa,hardin","Iowa",2013,9.82978034269903,19
19015,"iowa,boone","Iowa",2013,9.67913236809828,19
19075,"iowa,grundy","Iowa",2014,11.4492460696571,19
19033,"iowa,cerro gordo","Iowa",2013,10.2377852739094,19
19193,"iowa,woodbury","Iowa",2015,12.698368859055,19
19103,"iowa,johnson","Iowa",2009,11.223274107756,19
19169,"iowa,story","Iowa",2014,10.6646212019449,19
19115,"iowa,louisa","Iowa",2012,10.225231276026,19
19123,"iowa,mahaska","Iowa",2007,11.2923210961147,19
19051,"iowa,davis","Iowa",2006,10.1373532908422,19
19101,"iowa,jefferson","Iowa",2001,8.43628657764208,19
19001,"iowa,adair","Iowa",2014,10.6269592082947,19
19135,"iowa,monroe","Iowa",2008,8.53671856070925,19
19125,"iowa,marion","Iowa",2003,9.25857343900452,19
19129,"iowa,mills","Iowa",2016,11.825866006159,19
19133,"iowa,monona","Iowa",2007,9.37155941995508,19
19113,"iowa,linn","Iowa",2015,11.8760819976926,19
19069,"iowa,franklin","Iowa",2003,10.5830202157028,19
19033,"iowa,cerro gordo","Iowa",2012,7.83369467923908,19
19117,"iowa,lucas","Iowa",2013,7.40058175226192,19
19027,"iowa,carroll","Iowa",2011,11.3111520929398,19
19007,"iowa,appanoose","Iowa",2004,10.7901611807788,19
19001,"iowa,adair","Iowa",2016,11.9451289860513,19
19071,"iowa,fremont","Iowa",2001,8.9949394834532,19
19185,"iowa,wayne","Iowa",2013,7.85252567606417,19
19051,"iowa,davis","Iowa",2008,8.91333849721113,19
19011,"iowa,benton","Iowa",2008,11.2358281056394,19
19103,"iowa,johnson","Iowa",2007,10.7399451892452,19
19095,"iowa,iowa","Iowa",2003,10.6018512125279,19
19049,"iowa,dallas","Iowa",2006,10.3131092612098,19
19169,"iowa,story","Iowa",2006,11.555955051666,19
19027,"iowa,carroll","Iowa",2004,12.1459929521856,19
19019,"iowa,buchanan","Iowa",2010,10.5139732273441,19
19007,"iowa,appanoose","Iowa",2012,2.7932645290556,19
19021,"iowa,buena vista","Iowa",2009,11.970236981818,19
19109,"iowa,kossuth","Iowa",2006,11.1228421246888,19
19009,"iowa,audubon","Iowa",2005,10.8027151786622,19
19061,"iowa,dubuque","Iowa",2010,10.6960061966534,19
19025,"iowa,calhoun","Iowa",2013,8.32330059669152,19
19043,"iowa,clayton","Iowa",2016,13.2005287743909,19
19127,"iowa,marshall","Iowa",2010,11.5057390601324,19
19111,"iowa,lee","Iowa",2007,11.1416731215139,19
19185,"iowa,wayne","Iowa",2010,4.58848622638122,19
19027,"iowa,carroll","Iowa",2008,11.2358281056394,19
19189,"iowa,winnebago","Iowa",2007,11.6814950304999,19
19131,"iowa,mitchell","Iowa",2006,10.7022831955951,19
19131,"iowa,mitchell","Iowa",2015,12.6858148611716,19
19041,"iowa,clay","Iowa",2006,10.01809031095,19
19043,"iowa,clayton","Iowa",2008,10.7336681903035,19
19161,"iowa,sac","Iowa",2001,9.58497738397281,19
19035,"iowa,cherokee","Iowa",2009,12.6732608632882,19
19069,"iowa,franklin","Iowa",2016,12.8552938325975,19
19061,"iowa,dubuque","Iowa",2001,9.91138132894111,19
19119,"iowa,lyon","Iowa",2016,12.9871108103731,19
19189,"iowa,winnebago","Iowa",2015,12.7799698452971,19
19053,"iowa,decatur","Iowa",2010,5.91921000202119,19
19129,"iowa,mills","Iowa",2001,8.31702359774982,19
19099,"iowa,jasper","Iowa",2002,11.5120160590741,19
19005,"iowa,allamakee","Iowa",2011,10.8780391659626,19
19117,"iowa,lucas","Iowa",2005,9.71679436174847,19
19115,"iowa,louisa","Iowa",2015,11.4053070770652,19
19077,"iowa,guthrie","Iowa",2016,12.4410119024454,19
19083,"iowa,hardin","Iowa",2010,11.6626640336748,19
19021,"iowa,buena vista","Iowa",2015,12.7234768548218,19
19085,"iowa,harrison","Iowa",2005,9.72934835963187,19
19157,"iowa,poweshiek","Iowa",2004,11.6877720294416,19
19077,"iowa,guthrie","Iowa",2002,9.35272842312999,19
19045,"iowa,clinton","Iowa",2010,10.7462221881869,19
19097,"iowa,jackson","Iowa",2012,7.19344078718588,19
19005,"iowa,allamakee","Iowa",2006,10.432372241102,19
19143,"iowa,osceola","Iowa",2014,11.0098561437383,19
19055,"iowa,delaware","Iowa",2009,11.0663491342135,19
19193,"iowa,woodbury","Iowa",2009,11.6940490283833,19
19073,"iowa,greene","Iowa",2010,10.5014192294607,19
19097,"iowa,jackson","Iowa",2016,12.6858148611716,19
19043,"iowa,clayton","Iowa",2009,10.8027151786622,19
19101,"iowa,jefferson","Iowa",2002,8.46767157235057,19
19009,"iowa,audubon","Iowa",2007,10.0871372993087,19
19161,"iowa,sac","Iowa",2007,10.9157011596128,19
19049,"iowa,dallas","Iowa",2001,8.51161056494246,19
19003,"iowa,adams","Iowa",2009,10.5516352209943,19
19103,"iowa,johnson","Iowa",2012,8.31074659880813,19
19099,"iowa,jasper","Iowa",2006,10.9157011596128,19
19115,"iowa,louisa","Iowa",2014,11.8133120082756,19
19187,"iowa,webster","Iowa",2011,11.9639599828763,19
19177,"iowa,van buren","Iowa",2005,7.78347868770549,19
19033,"iowa,cerro gordo","Iowa",2008,10.4198182432186,19
19175,"iowa,union","Iowa",2011,8.32330059669152,19
19179,"iowa,wapello","Iowa",2015,9.99925931412488,19
19055,"iowa,delaware","Iowa",2014,10.9784711490298,19
19143,"iowa,osceola","Iowa",2009,12.1522699511273,19
19099,"iowa,jasper","Iowa",2001,9.71679436174847,19
19143,"iowa,osceola","Iowa",2006,10.3821562495685,19
19139,"iowa,muscatine","Iowa",2007,11.3362600887066,19
19041,"iowa,clay","Iowa",2008,10.9847481479715,19
19137,"iowa,montgomery","Iowa",2009,12.0016219765265,19
19035,"iowa,cherokee","Iowa",2014,11.5245700569575,19
19121,"iowa,madison","Iowa",2004,11.0224101416217,19
19041,"iowa,clay","Iowa",2004,11.5120160590741,19
19163,"iowa,scott","Iowa",2007,11.4366920717737,19
19183,"iowa,washington","Iowa",2007,10.9282551574962,19
19035,"iowa,cherokee","Iowa",2011,11.0914571299803,19
19043,"iowa,clayton","Iowa",2006,10.8717621670209,19
19151,"iowa,pocahontas","Iowa",2015,12.8992328251893,19
19159,"iowa,ringgold","Iowa",2004,9.60380838079791,19
19167,"iowa,sioux","Iowa",2006,10.225231276026,19
19075,"iowa,grundy","Iowa",2010,12.1083309585354,19
19101,"iowa,jefferson","Iowa",2016,12.365687915145,19
19007,"iowa,appanoose","Iowa",2003,7.89018766971436,19
19117,"iowa,lucas","Iowa",2002,8.84429150885245,19
19029,"iowa,cass","Iowa",2014,10.9031471617294,19
19149,"iowa,plymouth","Iowa",2012,6.91097583480948,19
19185,"iowa,wayne","Iowa",2007,9.42805241043036,19
19159,"iowa,ringgold","Iowa",2009,8.43628657764208,19
19127,"iowa,marshall","Iowa",2014,11.9576829839347,19
19095,"iowa,iowa","Iowa",2005,9.24601944112112,19
19105,"iowa,jones","Iowa",2016,12.635598869638,19
19101,"iowa,jefferson","Iowa",2008,10.4825882326356,19
19167,"iowa,sioux","Iowa",2003,10.6520672040615,19
19061,"iowa,dubuque","Iowa",2008,9.91765832788281,19
19009,"iowa,audubon","Iowa",2006,10.9157011596128,19
19151,"iowa,pocahontas","Iowa",2016,12.9808338114314,19
19025,"iowa,calhoun","Iowa",2010,10.8780391659626,19
19151,"iowa,pocahontas","Iowa",2006,10.4512032379271,19
19191,"iowa,winneshiek","Iowa",2010,11.9576829839347,19
19197,"iowa,wright","Iowa",2012,9.64774737338979,19
19191,"iowa,winneshiek","Iowa",2004,10.6646212019449,19
19167,"iowa,sioux","Iowa",2004,11.7756500146254,19
19135,"iowa,monroe","Iowa",2011,7.06162380941023,19
19045,"iowa,clinton","Iowa",2007,11.4680770664822,19
19139,"iowa,muscatine","Iowa",2005,8.49277956811737,19
19019,"iowa,buchanan","Iowa",2004,10.2315082749677,19
19161,"iowa,sac","Iowa",2003,9.76073335434036,19
19125,"iowa,marion","Iowa",2005,10.0369213077751,19
19075,"iowa,grundy","Iowa",2009,11.1730581162224,19
19005,"iowa,allamakee","Iowa",2012,9.6414703744481,19
19009,"iowa,audubon","Iowa",2012,7.20599478506928,19
19143,"iowa,osceola","Iowa",2007,10.7587761860703,19
19059,"iowa,dickinson","Iowa",2015,12.2087629416026,19
19063,"iowa,emmet","Iowa",2008,10.5453582220526,19
19055,"iowa,delaware","Iowa",2007,11.286044097173,19
19119,"iowa,lyon","Iowa",2014,10.8529311701958,19
19055,"iowa,delaware","Iowa",2003,9.97415131835809,19
19191,"iowa,winneshiek","Iowa",2001,8.29191560198303,19
19115,"iowa,louisa","Iowa",2002,9.84861133952413,19
19179,"iowa,wapello","Iowa",2014,12.2527019341945,19
19161,"iowa,sac","Iowa",2014,11.286044097173,19
19149,"iowa,plymouth","Iowa",2013,11.8572510008675,19
19105,"iowa,jones","Iowa",2004,10.5641892188777,19
19019,"iowa,buchanan","Iowa",2013,10.5955742135862,19
19017,"iowa,bremer","Iowa",2007,11.3864760802401,19
19097,"iowa,jackson","Iowa",2003,9.74190235751526,19
19147,"iowa,palo alto","Iowa",2009,11.8070350093339,19
19137,"iowa,montgomery","Iowa",2002,8.85684550673585,19
19151,"iowa,pocahontas","Iowa",2001,8.49277956811737,19
19075,"iowa,grundy","Iowa",2001,9.40922141360527,19
19131,"iowa,mitchell","Iowa",2014,10.9910251469132,19
19101,"iowa,jefferson","Iowa",2003,9.22091144535433,19
19047,"iowa,crawford","Iowa",2011,11.4115840760069,19
19017,"iowa,bremer","Iowa",2002,11.555955051666,19
19089,"iowa,howard","Iowa",2015,12.6858148611716,19
19193,"iowa,woodbury","Iowa",2001,8.34213159351661,19
19079,"iowa,hamilton","Iowa",2003,10.4763112336939,19
19001,"iowa,adair","Iowa",2015,11.0789031320969,19
19057,"iowa,des moines","Iowa",2013,10.3821562495685,19
19121,"iowa,madison","Iowa",2003,8.45511757446718,19
19129,"iowa,mills","Iowa",2006,10.0118133120083,19
19089,"iowa,howard","Iowa",2008,10.2942782643847,19
19159,"iowa,ringgold","Iowa",2012,4.49433124225575,19
19085,"iowa,harrison","Iowa",2006,8.91961549615283,19
19005,"iowa,allamakee","Iowa",2013,10.1750152844924,19
19133,"iowa,monona","Iowa",2010,10.5892972146445,19
19057,"iowa,des moines","Iowa",2014,12.491227893979,19
19041,"iowa,clay","Iowa",2010,11.1479501204556,19
19139,"iowa,muscatine","Iowa",2012,9.57870038503112,19
19101,"iowa,jefferson","Iowa",2006,10.7148371934784,19
19039,"iowa,clarke","Iowa",2005,9.18324945170414,19
19005,"iowa,allamakee","Iowa",2015,11.0098561437383,19
19019,"iowa,buchanan","Iowa",2007,10.9157011596128,19
19187,"iowa,webster","Iowa",2015,12.6167678728129,19
19045,"iowa,clinton","Iowa",2006,10.9094241606711,19
19197,"iowa,wright","Iowa",2001,9.15186445699565,19
19093,"iowa,ida","Iowa",2008,12.302917925728,19
19103,"iowa,johnson","Iowa",2013,11.367645083415,19
19053,"iowa,decatur","Iowa",2008,7.03023881470174,19
19003,"iowa,adams","Iowa",2012,6.89214483798438,19
19021,"iowa,buena vista","Iowa",2005,11.6312790389664,19
19147,"iowa,palo alto","Iowa",2010,10.9219781585545,19
19191,"iowa,winneshiek","Iowa",2006,10.7901611807788,19
19183,"iowa,washington","Iowa",2016,13.0687117966152,19
19015,"iowa,boone","Iowa",2010,10.2001232802592,19
19129,"iowa,mills","Iowa",2005,10.2754472675596,19
19037,"iowa,chickasaw","Iowa",2011,11.8509740019258,19
19107,"iowa,keokuk","Iowa",2013,9.83605734164073,19
19043,"iowa,clayton","Iowa",2002,10.827823174429,19
19061,"iowa,dubuque","Iowa",2015,12.365687915145,19
19091,"iowa,humboldt","Iowa",2002,10.8341001733707,19
19091,"iowa,humboldt","Iowa",2009,11.9890679786431,19
19049,"iowa,dallas","Iowa",2009,11.5308470558992,19
19033,"iowa,cerro gordo","Iowa",2006,10.6144052104113,19
19011,"iowa,benton","Iowa",2001,10.0557523046002,19
19065,"iowa,fayette","Iowa",2002,11.0224101416217,19
19083,"iowa,hardin","Iowa",2006,11.5182930580158,19
19197,"iowa,wright","Iowa",2007,11.4492460696571,19
19159,"iowa,ringgold","Iowa",2005,9.65402437233149,19
19057,"iowa,des moines","Iowa",2011,9.20208044852924,19
19095,"iowa,iowa","Iowa",2011,10.7713301839537,19
19089,"iowa,howard","Iowa",2013,9.98670531624148,19
19159,"iowa,ringgold","Iowa",2011,7.4507977437955,19
19107,"iowa,keokuk","Iowa",2005,8.47394857129227,19
19117,"iowa,lucas","Iowa",2007,8.90706149826943,19
19181,"iowa,warren","Iowa",2012,6.49669390465741,19
19073,"iowa,greene","Iowa",2015,11.8635279998092,19
19155,"iowa,pottawattamie","Iowa",2009,12.0769459638269,19
19177,"iowa,van buren","Iowa",2008,9.16441845487905,19
19167,"iowa,sioux","Iowa",2010,12.3343029204365,19
19187,"iowa,webster","Iowa",2007,11.4618000675405,19
19123,"iowa,mahaska","Iowa",2005,10.0745833014253,19
19145,"iowa,page","Iowa",2016,11.6626640336748,19
19105,"iowa,jones","Iowa",2015,11.7128800252084,19
19123,"iowa,mahaska","Iowa",2004,12.095776960652,19
19055,"iowa,delaware","Iowa",2012,8.14754462632398,19
19073,"iowa,greene","Iowa",2004,11.7191570241501,19
19121,"iowa,madison","Iowa",2008,10.3570482538017,19
19073,"iowa,greene","Iowa",2016,12.8992328251893,19
19159,"iowa,ringgold","Iowa",2014,10.4449262389854,19
19023,"iowa,butler","Iowa",2009,11.4115840760069,19
19177,"iowa,van buren","Iowa",2014,12.0643919659435,19
19059,"iowa,dickinson","Iowa",2008,10.5453582220526,19
19181,"iowa,warren","Iowa",2013,9.20835744747093,19
19153,"iowa,polk","Iowa",2002,11.0286871405633,19
19103,"iowa,johnson","Iowa",2015,11.7442650199169,19
19093,"iowa,ida","Iowa",2006,7.87763367183096,19
19065,"iowa,fayette","Iowa",2005,11.9137439913428,19
19067,"iowa,floyd","Iowa",2013,10.6708982008866,19
19107,"iowa,keokuk","Iowa",2011,9.56614638714772,19
19187,"iowa,webster","Iowa",2014,11.9262979892262,19
19095,"iowa,iowa","Iowa",2006,11.1793351151641,19
19031,"iowa,cedar","Iowa",2016,13.5143787214757,19
19035,"iowa,cherokee","Iowa",2010,11.7317110220335,19
19177,"iowa,van buren","Iowa",2011,6.33349193217326,19
19059,"iowa,dickinson","Iowa",2013,10.1938462813175,19
19073,"iowa,greene","Iowa",2014,11.3739220823567,19
19069,"iowa,franklin","Iowa",2005,11.6250020400247,19
19019,"iowa,buchanan","Iowa",2016,12.905509824131,19
19169,"iowa,story","Iowa",2009,10.9659171511464,19
19101,"iowa,jefferson","Iowa",2010,6.18284395757251,19
19135,"iowa,monroe","Iowa",2014,11.0286871405633,19
19077,"iowa,guthrie","Iowa",2005,10.1185222940171,19
19029,"iowa,cass","Iowa",2012,7.55750672580437,19
19011,"iowa,benton","Iowa",2011,9.86744233634922,19
19039,"iowa,clarke","Iowa",2014,10.1812922834341,19
19155,"iowa,pottawattamie","Iowa",2014,10.6144052104113,19
19069,"iowa,franklin","Iowa",2009,10.4825882326356,19
19187,"iowa,webster","Iowa",2009,11.1291191236305,19
19065,"iowa,fayette","Iowa",2011,11.7128800252084,19
19039,"iowa,clarke","Iowa",2011,6.76032786020872,19
19145,"iowa,page","Iowa",2013,9.69796336492338,19
19049,"iowa,dallas","Iowa",2007,10.5139732273441,19
19003,"iowa,adams","Iowa",2004,10.6269592082947,19
19087,"iowa,henry","Iowa",2015,11.1981661119892,19
19127,"iowa,marshall","Iowa",2005,12.0455609691184,19
19125,"iowa,marion","Iowa",2006,9.81094934587394,19
19191,"iowa,winneshiek","Iowa",2016,13.2256367701576,19
19109,"iowa,kossuth","Iowa",2015,12.491227893979,19
19073,"iowa,greene","Iowa",2001,8.83173751096906,19
19025,"iowa,calhoun","Iowa",2001,9.05143247392848,19
19189,"iowa,winnebago","Iowa",2001,8.28563860304133,19
19189,"iowa,winnebago","Iowa",2003,10.1750152844924,19
19147,"iowa,palo alto","Iowa",2016,12.302917925728,19
19175,"iowa,union","Iowa",2002,8.92589249509453,19
19035,"iowa,cherokee","Iowa",2016,13.7905666749105,19
19051,"iowa,davis","Iowa",2005,7.21854878295268,19
19003,"iowa,adams","Iowa",2015,10.6457902051198,19
19083,"iowa,hardin","Iowa",2004,12.1773779468941,19
19069,"iowa,franklin","Iowa",2002,10.7524991871286,19
19169,"iowa,story","Iowa",2013,8.61204254800963,19
19183,"iowa,washington","Iowa",2005,9.60380838079791,19
19113,"iowa,linn","Iowa",2003,10.2001232802592,19
19079,"iowa,hamilton","Iowa",2011,11.3362600887066,19
19111,"iowa,lee","Iowa",2006,9.04515547498679,19
19121,"iowa,madison","Iowa",2016,11.6438330368498,19
19117,"iowa,lucas","Iowa",2010,4.46922324648896,19
19057,"iowa,des moines","Iowa",2008,11.6752180315582,19
19009,"iowa,audubon","Iowa",2002,9.50965339667244,19
19059,"iowa,dickinson","Iowa",2002,9.07026347075358,19
19179,"iowa,wapello","Iowa",2001,8.85056850779415,19
19101,"iowa,jefferson","Iowa",2013,9.13303346017056,19
19171,"iowa,tama","Iowa",2001,9.84233434058243,19
19191,"iowa,winneshiek","Iowa",2005,11.700326027325,19
19057,"iowa,des moines","Iowa",2002,10.1436302897839,19
19063,"iowa,emmet","Iowa",2016,12.4598428992705,19
19107,"iowa,keokuk","Iowa",2010,6.98002282316815,19
19163,"iowa,scott","Iowa",2009,11.555955051666,19
19049,"iowa,dallas","Iowa",2013,9.12047946228716,19
19025,"iowa,calhoun","Iowa",2015,12.221316939486,19
19063,"iowa,emmet","Iowa",2003,10.4135412442769,19
19151,"iowa,pocahontas","Iowa",2013,10.2817242665013,19
19139,"iowa,muscatine","Iowa",2003,10.5453582220526,19
19045,"iowa,clinton","Iowa",2016,13.4202237373503,19
19137,"iowa,montgomery","Iowa",2005,9.9239353268245,19
19129,"iowa,mills","Iowa",2002,6.92352983269287,19
19077,"iowa,guthrie","Iowa",2012,7.11811679988551,19
19035,"iowa,cherokee","Iowa",2003,10.3696022516851,19
19155,"iowa,pottawattamie","Iowa",2016,13.2068057733325,19
19169,"iowa,story","Iowa",2008,10.0431983067168,19
19187,"iowa,webster","Iowa",2008,10.4825882326356,19
19037,"iowa,chickasaw","Iowa",2003,9.20208044852924,19
19097,"iowa,jackson","Iowa",2006,10.4512032379271,19
19159,"iowa,ringgold","Iowa",2003,6.57829489089948,19
19029,"iowa,cass","Iowa",2003,8.36096259034171,19
19007,"iowa,appanoose","Iowa",2002,8.12243663055719,19
19023,"iowa,butler","Iowa",2014,10.5265272252275,19
19115,"iowa,louisa","Iowa",2016,12.5665518812794,19
19169,"iowa,story","Iowa",2001,9.44060640831376,19
19181,"iowa,warren","Iowa",2015,10.6897291977117,19
19157,"iowa,poweshiek","Iowa",2005,11.0726261331552,19
19111,"iowa,lee","Iowa",2012,7.28131877236966,19
19001,"iowa,adair","Iowa",2010,8.73130552790189,19
19175,"iowa,union","Iowa",2005,9.86744233634922,19
19035,"iowa,cherokee","Iowa",2002,10.162461286609,19
19037,"iowa,chickasaw","Iowa",2016,12.968279813548,19
19063,"iowa,emmet","Iowa",2004,11.4115840760069,19
19035,"iowa,cherokee","Iowa",2013,11.618725041083,19
19063,"iowa,emmet","Iowa",2007,11.0286871405633,19
19129,"iowa,mills","Iowa",2004,11.5998940442579,19
19057,"iowa,des moines","Iowa",2009,10.4449262389854,19
19163,"iowa,scott","Iowa",2004,12.0455609691184,19
19065,"iowa,fayette","Iowa",2006,10.9157011596128,19
19163,"iowa,scott","Iowa",2010,9.53476139243923,19
19071,"iowa,fremont","Iowa",2010,9.58497738397281,19
19085,"iowa,harrison","Iowa",2012,8.21659161468265,19
19033,"iowa,cerro gordo","Iowa",2001,9.21463444641263,19
19187,"iowa,webster","Iowa",2001,9.68540936703998,19
19039,"iowa,clarke","Iowa",2001,7.7646476908804,19
19103,"iowa,johnson","Iowa",2004,10.9094241606711,19
19095,"iowa,iowa","Iowa",2012,8.51788756388416,19
19009,"iowa,audubon","Iowa",2013,9.86116533740752,19
19117,"iowa,lucas","Iowa",2011,7.21227178401098,19
19071,"iowa,fremont","Iowa",2015,11.2923210961147,19
19013,"iowa,black hawk","Iowa",2010,10.6960061966534,19
19091,"iowa,humboldt","Iowa",2015,12.2275939384277,19
19185,"iowa,wayne","Iowa",2011,7.90901866653945,19
19023,"iowa,butler","Iowa",2007,11.0600721352718,19
19109,"iowa,kossuth","Iowa",2016,12.8490168336558,19
19095,"iowa,iowa","Iowa",2016,13.2193597712159,19
19119,"iowa,lyon","Iowa",2002,9.59753138185621,19
19101,"iowa,jefferson","Iowa",2004,10.8654851680792,19
19089,"iowa,howard","Iowa",2011,11.6626640336748,19
19127,"iowa,marshall","Iowa",2011,10.4386492400437,19
19173,"iowa,taylor","Iowa",2002,7.94668066018964,19
19167,"iowa,sioux","Iowa",2008,12.2401479363111,19
19143,"iowa,osceola","Iowa",2005,11.6626640336748,19
19109,"iowa,kossuth","Iowa",2007,11.2107201098726,19
19067,"iowa,floyd","Iowa",2003,9.6100853797396,19
19011,"iowa,benton","Iowa",2015,11.7693730156837,19
19021,"iowa,buena vista","Iowa",2016,12.6230448717546,19
19185,"iowa,wayne","Iowa",2003,8.18520661997417,19
19163,"iowa,scott","Iowa",2005,9.34645142418829,19
19151,"iowa,pocahontas","Iowa",2004,12.2715329310195,19
19113,"iowa,linn","Iowa",2004,10.8215461754873,19
19165,"iowa,shelby","Iowa",2014,11.6250020400247,19
19081,"iowa,hancock","Iowa",2008,10.7336681903035,19
19101,"iowa,jefferson","Iowa",2005,9.0137704802783,19
19145,"iowa,page","Iowa",2002,6.27699894169798,19
19163,"iowa,scott","Iowa",2006,10.7022831955951,19
19059,"iowa,dickinson","Iowa",2001,8.14126762738228,19
19071,"iowa,fremont","Iowa",2016,11.3488140865899,19
19125,"iowa,marion","Iowa",2014,10.7713301839537,19
19087,"iowa,henry","Iowa",2013,10.0683063024836,19
19035,"iowa,cherokee","Iowa",2007,10.4512032379271,19
19161,"iowa,sac","Iowa",2002,10.432372241102,19
19135,"iowa,monroe","Iowa",2007,10.1247992929588,19
19049,"iowa,dallas","Iowa",2014,12.2715329310195,19
19005,"iowa,allamakee","Iowa",2001,9.43432940937206,19
19041,"iowa,clay","Iowa",2003,10.0494753056585,19
19013,"iowa,black hawk","Iowa",2015,12.1083309585354,19
19037,"iowa,chickasaw","Iowa",2002,10.8341001733707,19
19013,"iowa,black hawk","Iowa",2011,11.6814950304999,19
19011,"iowa,benton","Iowa",2009,11.5936170453162,19
19075,"iowa,grundy","Iowa",2007,11.0475181373884,19
19197,"iowa,wright","Iowa",2009,11.2358281056394,19
19061,"iowa,dubuque","Iowa",2004,11.4869080633073,19
19089,"iowa,howard","Iowa",2005,11.5371240548409,19
19197,"iowa,wright","Iowa",2010,9.41549841254697,19
19051,"iowa,davis","Iowa",2010,5.2726791110263,19
19149,"iowa,plymouth","Iowa",2001,8.7124745310768,19
19145,"iowa,page","Iowa",2007,8.75641352366868,19
19011,"iowa,benton","Iowa",2004,10.7838841818371,19
19093,"iowa,ida","Iowa",2009,12.968279813548,19
19189,"iowa,winnebago","Iowa",2014,10.8403771723124,19
19109,"iowa,kossuth","Iowa",2002,10.2503392717928,19
19083,"iowa,hardin","Iowa",2012,10.2691702686179,19
19091,"iowa,humboldt","Iowa",2004,11.9388519871096,19
19127,"iowa,marshall","Iowa",2002,11.5496780527243,19
19169,"iowa,story","Iowa",2010,10.288001265443,19
19029,"iowa,cass","Iowa",2004,12.0706689648852,19
19017,"iowa,bremer","Iowa",2001,10.1059682961337,19
19153,"iowa,polk","Iowa",2008,9.66657837021489,19
19053,"iowa,decatur","Iowa",2014,10.2942782643847,19
19041,"iowa,clay","Iowa",2012,10.6771751998283,19
19015,"iowa,boone","Iowa",2011,11.4555230685988,19
19131,"iowa,mitchell","Iowa",2005,11.7128800252084,19
19053,"iowa,decatur","Iowa",2003,8.084774636907,19
19149,"iowa,plymouth","Iowa",2007,9.46571440408055,19
19015,"iowa,boone","Iowa",2012,9.23346544323773,19
19197,"iowa,wright","Iowa",2006,11.3927530791818,19
19013,"iowa,black hawk","Iowa",2012,7.93412666230625,19
19157,"iowa,poweshiek","Iowa",2002,11.0789031320969,19
19141,"iowa,o'brien","Iowa",2010,11.970236981818,19
19047,"iowa,crawford","Iowa",2002,10.1247992929588,19
19057,"iowa,des moines","Iowa",2005,9.69796336492338,19
19061,"iowa,dubuque","Iowa",2013,12.302917925728,19
19135,"iowa,monroe","Iowa",2005,9.68540936703998,19
19041,"iowa,clay","Iowa",2007,10.2691702686179,19
19091,"iowa,humboldt","Iowa",2010,9.6163623786813,19
19189,"iowa,winnebago","Iowa",2016,12.4221809056203,19
19031,"iowa,cedar","Iowa",2007,11.5622320506077,19
19105,"iowa,jones","Iowa",2011,10.7587761860703,19
19093,"iowa,ida","Iowa",2002,10.432372241102,19
19079,"iowa,hamilton","Iowa",2005,11.8635279998092,19
19073,"iowa,greene","Iowa",2003,10.6269592082947,19
19187,"iowa,webster","Iowa",2013,8.63715054377642,19
19099,"iowa,jasper","Iowa",2009,11.3864760802401,19
19171,"iowa,tama","Iowa",2013,9.96159732047469,19
19147,"iowa,palo alto","Iowa",2011,10.9596401522047,19
19155,"iowa,pottawattamie","Iowa",2008,11.1730581162224,19
19007,"iowa,appanoose","Iowa",2014,10.7273911913618,19
19147,"iowa,palo alto","Iowa",2008,11.0475181373884,19
19023,"iowa,butler","Iowa",2005,11.6501100357914,19
19051,"iowa,davis","Iowa",2011,6.13890496498062,19
19169,"iowa,story","Iowa",2005,11.7756500146254,19
19171,"iowa,tama","Iowa",2005,11.3864760802401,19
19195,"iowa,worth","Iowa",2016,12.0204529733516,19
19047,"iowa,crawford","Iowa",2009,12.5288898876292,19
19185,"iowa,wayne","Iowa",2012,3.49628841052577,19
19159,"iowa,ringgold","Iowa",2016,11.2672131003479,19
19117,"iowa,lucas","Iowa",2008,7.1557787935357,19
19147,"iowa,palo alto","Iowa",2004,11.4806310643656,19
19009,"iowa,audubon","Iowa",2010,10.0620293035419,19
19061,"iowa,dubuque","Iowa",2011,11.618725041083,19
19087,"iowa,henry","Iowa",2009,9.78584135010715,19
19007,"iowa,appanoose","Iowa",2005,9.41549841254697,19
19031,"iowa,cedar","Iowa",2006,11.3990300781235,19
19007,"iowa,appanoose","Iowa",2011,7.53867572897927,19
19193,"iowa,woodbury","Iowa",2011,10.8780391659626,19
19113,"iowa,linn","Iowa",2012,7.79603268558889,19
19177,"iowa,van buren","Iowa",2010,5.69951503906176,19
19117,"iowa,lucas","Iowa",2015,9.71679436174847,19
19173,"iowa,taylor","Iowa",2012,5.75600802953705,19
19001,"iowa,adair","Iowa",2002,9.68540936703998,19
19171,"iowa,tama","Iowa",2007,10.9721941500881,19
19093,"iowa,ida","Iowa",2015,12.7485848505886,19
19061,"iowa,dubuque","Iowa",2006,11.4618000675405,19
19129,"iowa,mills","Iowa",2014,11.6061710431996,19
19179,"iowa,wapello","Iowa",2002,8.50533356600076,19
19133,"iowa,monona","Iowa",2015,10.6081282114696,19
19025,"iowa,calhoun","Iowa",2008,11.1730581162224,19
19031,"iowa,cedar","Iowa",2009,12.0204529733516,19
19085,"iowa,harrison","Iowa",2010,10.0055363130666,19
19065,"iowa,fayette","Iowa",2004,10.4637572358105,19
19155,"iowa,pottawattamie","Iowa",2013,11.2609361014062,19
19139,"iowa,muscatine","Iowa",2011,10.3319402580349,19
19001,"iowa,adair","Iowa",2013,8.64970454165982,19
19077,"iowa,guthrie","Iowa",2003,8.53044156176755,19
19149,"iowa,plymouth","Iowa",2005,10.7838841818371,19
19017,"iowa,bremer","Iowa",2010,10.9596401522047,19
19027,"iowa,carroll","Iowa",2006,10.2001232802592,19
19017,"iowa,bremer","Iowa",2005,12.1146079574771,19
19101,"iowa,jefferson","Iowa",2014,12.6104908738712,19
19087,"iowa,henry","Iowa",2003,10.0871372993087,19
19015,"iowa,boone","Iowa",2015,12.0706689648852,19
19025,"iowa,calhoun","Iowa",2005,11.4555230685988,19
19105,"iowa,jones","Iowa",2012,7.99061965278153,19
19071,"iowa,fremont","Iowa",2004,11.825866006159,19
19119,"iowa,lyon","Iowa",2010,12.2527019341945,19
19157,"iowa,poweshiek","Iowa",2008,10.6708982008866,19
19007,"iowa,appanoose","Iowa",2006,9.89882733105771,19
19083,"iowa,hardin","Iowa",2008,9.98042831729979,19
19059,"iowa,dickinson","Iowa",2004,11.8509740019258,19
19153,"iowa,polk","Iowa",2011,10.080860300367,19
19139,"iowa,muscatine","Iowa",2002,10.7273911913618,19
19145,"iowa,page","Iowa",2015,10.4072642453352,19
19157,"iowa,poweshiek","Iowa",2001,9.42805241043036,19
19009,"iowa,audubon","Iowa",2011,11.0851801310386,19
19141,"iowa,o'brien","Iowa",2002,9.52220739455583,19
19169,"iowa,story","Iowa",2003,10.3256632590932,19
19021,"iowa,buena vista","Iowa",2004,12.0832229627686,19
19181,"iowa,warren","Iowa",2001,9.03260147710339,19
19131,"iowa,mitchell","Iowa",2009,11.1228421246888,19
19007,"iowa,appanoose","Iowa",2013,6.8482058453925,19
19011,"iowa,benton","Iowa",2005,10.6708982008866,19
19137,"iowa,montgomery","Iowa",2011,9.6163623786813,19
19079,"iowa,hamilton","Iowa",2012,8.66225853954321,19
19069,"iowa,franklin","Iowa",2011,11.9074669924011,19
19171,"iowa,tama","Iowa",2002,11.7254340230918,19
19131,"iowa,mitchell","Iowa",2007,10.9345321564379,19
19197,"iowa,wright","Iowa",2002,10.827823174429,19
19143,"iowa,osceola","Iowa",2012,10.6457902051198,19
19137,"iowa,montgomery","Iowa",2003,8.12871362949888,19
19165,"iowa,shelby","Iowa",2006,10.7462221881869,19
19195,"iowa,worth","Iowa",2002,10.4888652315773,19
19043,"iowa,clayton","Iowa",2005,11.3550910855316,19
19009,"iowa,audubon","Iowa",2009,11.951405984993,19
19141,"iowa,o'brien","Iowa",2012,10.0306443088334,19
19137,"iowa,montgomery","Iowa",2015,11.6250020400247,19
19069,"iowa,franklin","Iowa",2004,11.9576829839347,19
19003,"iowa,adams","Iowa",2008,9.79211834904885,19
19035,"iowa,cherokee","Iowa",2005,11.6438330368498,19
19105,"iowa,jones","Iowa",2009,11.9325749881679,19
19193,"iowa,woodbury","Iowa",2003,9.6289163765647,19
19191,"iowa,winneshiek","Iowa",2008,10.7336681903035,19
19065,"iowa,fayette","Iowa",2010,10.4512032379271,19
19145,"iowa,page","Iowa",2009,11.097734128922,19
19127,"iowa,marshall","Iowa",2006,11.5685090495494,19
19005,"iowa,allamakee","Iowa",2014,11.0224101416217,19
19179,"iowa,wapello","Iowa",2012,5.81250102001233,19
19087,"iowa,henry","Iowa",2008,11.1730581162224,19
19067,"iowa,floyd","Iowa",2016,12.3217489225531,19
19193,"iowa,woodbury","Iowa",2006,8.12243663055719,19
19021,"iowa,buena vista","Iowa",2008,11.2358281056394,19
19111,"iowa,lee","Iowa",2010,6.47786290783231,19
19053,"iowa,decatur","Iowa",2007,9.76073335434036,19
19115,"iowa,louisa","Iowa",2007,11.1730581162224,19
19171,"iowa,tama","Iowa",2003,9.80467234693224,19
19139,"iowa,muscatine","Iowa",2009,10.4574802368688,19
19155,"iowa,pottawattamie","Iowa",2004,11.9074669924011,19
19097,"iowa,jackson","Iowa",2009,10.6457902051198,19
19005,"iowa,allamakee","Iowa",2016,12.8741248294226,19
19081,"iowa,hancock","Iowa",2012,8.9949394834532,19
19177,"iowa,van buren","Iowa",2012,6.92352983269287,19
19097,"iowa,jackson","Iowa",2008,10.6081282114696,19
19189,"iowa,winnebago","Iowa",2005,11.9011899934594,19
19185,"iowa,wayne","Iowa",2015,9.91765832788281,19
19047,"iowa,crawford","Iowa",2003,9.54103839138093,19
19079,"iowa,hamilton","Iowa",2009,10.5139732273441,19
19131,"iowa,mitchell","Iowa",2003,9.81094934587394,19
19181,"iowa,warren","Iowa",2005,9.86116533740752,19
19065,"iowa,fayette","Iowa",2003,9.622639377623,19
19123,"iowa,mahaska","Iowa",2010,7.31898076601984,19
19169,"iowa,story","Iowa",2004,11.8070350093339,19
19143,"iowa,osceola","Iowa",2004,11.7568190178003,19
19025,"iowa,calhoun","Iowa",2016,13.0122188061399,19
19055,"iowa,delaware","Iowa",2005,11.1165651257471,19
19195,"iowa,worth","Iowa",2005,11.7944810114505,19
19097,"iowa,jackson","Iowa",2011,11.1918891130475,19
19079,"iowa,hamilton","Iowa",2016,13.1189277881488,19
19063,"iowa,emmet","Iowa",2011,10.6457902051198,19
19059,"iowa,dickinson","Iowa",2003,10.080860300367,19
19107,"iowa,keokuk","Iowa",2009,10.5265272252275,19
19031,"iowa,cedar","Iowa",2002,11.7379880209752,19
19053,"iowa,decatur","Iowa",2011,7.91529566548115,19
19095,"iowa,iowa","Iowa",2004,11.6626640336748,19
19059,"iowa,dickinson","Iowa",2007,10.4072642453352,19
19125,"iowa,marion","Iowa",2016,12.428457904562,19
19029,"iowa,cass","Iowa",2005,10.557912219936,19
19181,"iowa,warren","Iowa",2007,9.87999633423262,19
19159,"iowa,ringgold","Iowa",2013,7.60144571839625,19
19091,"iowa,humboldt","Iowa",2005,11.8133120082756,19
19083,"iowa,hardin","Iowa",2005,11.8384200040424,19
19049,"iowa,dallas","Iowa",2003,9.26485043794622,19
19143,"iowa,osceola","Iowa",2016,12.7862468442388,19
19021,"iowa,buena vista","Iowa",2011,11.3111520929398,19
19111,"iowa,lee","Iowa",2001,8.6810895363683,19
19167,"iowa,sioux","Iowa",2014,11.763096016742,19
19017,"iowa,bremer","Iowa",2008,10.1059682961337,19
19111,"iowa,lee","Iowa",2014,12.5916598770461,19
19119,"iowa,lyon","Iowa",2011,11.6375560379081,19
19179,"iowa,wapello","Iowa",2008,8.66225853954321,19
19029,"iowa,cass","Iowa",2001,7.95295765913134,19
19193,"iowa,woodbury","Iowa",2014,11.1416731215139,19
19013,"iowa,black hawk","Iowa",2004,11.1793351151641,19
19093,"iowa,ida","Iowa",2001,9.17697245276244,19
19075,"iowa,grundy","Iowa",2012,10.1373532908422,19
19067,"iowa,floyd","Iowa",2002,10.8089921776039,19
19049,"iowa,dallas","Iowa",2004,11.9011899934594,19
19151,"iowa,pocahontas","Iowa",2010,10.8341001733707,19
19139,"iowa,muscatine","Iowa",2004,11.2985980950564,19
19003,"iowa,adams","Iowa",2002,8.30446959986643,19
19119,"iowa,lyon","Iowa",2005,11.6250020400247,19
19153,"iowa,polk","Iowa",2003,10.3758792506268,19
19031,"iowa,cedar","Iowa",2008,11.2985980950564,19
19051,"iowa,davis","Iowa",2002,9.75445635539866,19
19033,"iowa,cerro gordo","Iowa",2011,10.6269592082947,19
19189,"iowa,winnebago","Iowa",2006,10.9157011596128,19
19123,"iowa,mahaska","Iowa",2008,11.0475181373884,19
19013,"iowa,black hawk","Iowa",2005,11.3425370876482,19
19179,"iowa,wapello","Iowa",2010,6.28955293958138,19
19181,"iowa,warren","Iowa",2006,10.35077125486,19
19149,"iowa,plymouth","Iowa",2006,8.60576554906793,19
19047,"iowa,crawford","Iowa",2004,11.0224101416217,19
19175,"iowa,union","Iowa",2003,6.69755787079174,19
19115,"iowa,louisa","Iowa",2004,11.2421051045811,19
19155,"iowa,pottawattamie","Iowa",2011,10.7273911913618,19
19149,"iowa,plymouth","Iowa",2014,11.7568190178003,19
19019,"iowa,buchanan","Iowa",2003,10.0055363130666,19
19173,"iowa,taylor","Iowa",2009,9.42805241043036,19
19071,"iowa,fremont","Iowa",2014,12.0204529733516,19
19127,"iowa,marshall","Iowa",2015,12.2338709373694,19
19059,"iowa,dickinson","Iowa",2012,10.099691297192,19
19055,"iowa,delaware","Iowa",2010,11.034964139505,19
19165,"iowa,shelby","Iowa",2009,12.7360308527052,19
19027,"iowa,carroll","Iowa",2016,12.7485848505886,19
19147,"iowa,palo alto","Iowa",2002,9.9490433225913,19
19079,"iowa,hamilton","Iowa",2001,10.2691702686179,19
19081,"iowa,hancock","Iowa",2010,11.1040111278637,19
19115,"iowa,louisa","Iowa",2009,9.9427663236496,19
19153,"iowa,polk","Iowa",2006,10.7901611807788,19
19039,"iowa,clarke","Iowa",2002,8.25425360833284,19
19063,"iowa,emmet","Iowa",2012,10.4574802368688,19
19047,"iowa,crawford","Iowa",2008,11.9890679786431,19
19019,"iowa,buchanan","Iowa",2001,10.4574802368688,19
19145,"iowa,page","Iowa",2005,10.3382172569766,19
19181,"iowa,warren","Iowa",2010,6.42764691629873,19
19117,"iowa,lucas","Iowa",2003,7.47590573956229,19
19017,"iowa,bremer","Iowa",2015,12.7485848505886,19
19037,"iowa,chickasaw","Iowa",2005,11.7505420188586,19
19149,"iowa,plymouth","Iowa",2016,13.1314817860322,19
19119,"iowa,lyon","Iowa",2007,10.2754472675596,19
19129,"iowa,mills","Iowa",2003,8.26053060727454,19
19187,"iowa,webster","Iowa",2003,10.953363153263,19
19139,"iowa,muscatine","Iowa",2013,9.9364893247079,19
19133,"iowa,monona","Iowa",2012,7.22482578189437,19
19155,"iowa,pottawattamie","Iowa",2010,10.3444942559183,19
19197,"iowa,wright","Iowa",2013,10.5955742135862,19
19083,"iowa,hardin","Iowa",2014,10.4386492400437,19
19051,"iowa,davis","Iowa",2013,9.20835744747093,19
19053,"iowa,decatur","Iowa",2012,3.84152335231916,19
19051,"iowa,davis","Iowa",2001,8.40490158293359,19
19049,"iowa,dallas","Iowa",2002,9.67913236809828,19
19169,"iowa,story","Iowa",2011,10.2440622728511,19
19121,"iowa,madison","Iowa",2013,8.84429150885245,19
19033,"iowa,cerro gordo","Iowa",2015,12.3594109162033,19
19127,"iowa,marshall","Iowa",2012,9.89255033211601,19
19111,"iowa,lee","Iowa",2004,11.2985980950564,19
19185,"iowa,wayne","Iowa",2002,8.84429150885245,19
19039,"iowa,clarke","Iowa",2009,8.71875153001849,19
19015,"iowa,boone","Iowa",2001,9.66657837021489,19
19181,"iowa,warren","Iowa",2016,11.5873400463745,19
19123,"iowa,mahaska","Iowa",2012,8.34840859245831,19
19109,"iowa,kossuth","Iowa",2010,11.5496780527243,19
19121,"iowa,madison","Iowa",2010,7.82114068135568,19
19107,"iowa,keokuk","Iowa",2002,10.0934142982504,19
19023,"iowa,butler","Iowa",2003,10.0494753056585,19
19009,"iowa,audubon","Iowa",2003,8.62459654589302,19
19083,"iowa,hardin","Iowa",2015,12.5100588908041,19
19093,"iowa,ida","Iowa",2016,13.5583177140676,19
19095,"iowa,iowa","Iowa",2015,12.5100588908041,19
19049,"iowa,dallas","Iowa",2005,11.4053070770652,19
19109,"iowa,kossuth","Iowa",2001,8.66853553848491,19
19179,"iowa,wapello","Iowa",2016,12.3594109162033,19
19085,"iowa,harrison","Iowa",2003,9.44688340725546,19
19071,"iowa,fremont","Iowa",2003,8.34213159351661,19
19155,"iowa,pottawattamie","Iowa",2007,10.1938462813175,19
19087,"iowa,henry","Iowa",2014,12.3405799193782,19
19139,"iowa,muscatine","Iowa",2016,12.7423078516469,19
19141,"iowa,o'brien","Iowa",2015,12.8804018283643,19
19133,"iowa,monona","Iowa",2014,9.82978034269903,19
19057,"iowa,des moines","Iowa",2003,9.69168636598168,19
19015,"iowa,boone","Iowa",2008,10.4198182432186,19
19029,"iowa,cass","Iowa",2013,10.0118133120083,19
19183,"iowa,washington","Iowa",2013,9.98042831729979,19
19165,"iowa,shelby","Iowa",2013,11.4618000675405,19
19003,"iowa,adams","Iowa",2006,9.12675646122886,19
19117,"iowa,lucas","Iowa",2009,8.61204254800963,19
19077,"iowa,guthrie","Iowa",2009,10.8843161649043,19
19173,"iowa,taylor","Iowa",2011,8.81918351308566,19
19013,"iowa,black hawk","Iowa",2007,11.0914571299803,19
19003,"iowa,adams","Iowa",2011,9.52220739455583,19
19007,"iowa,appanoose","Iowa",2010,4.72030320415688,19
19077,"iowa,guthrie","Iowa",2008,10.7336681903035,19
19167,"iowa,sioux","Iowa",2012,8.9886624845115,19
19087,"iowa,henry","Iowa",2002,9.86116533740752,19
19151,"iowa,pocahontas","Iowa",2014,10.9721941500881,19
19039,"iowa,clarke","Iowa",2006,9.22718844429603,19
19039,"iowa,clarke","Iowa",2012,4.81445818828235,19
19103,"iowa,johnson","Iowa",2016,11.8635279998092,19
19121,"iowa,madison","Iowa",2012,6.36487692688175,19
19157,"iowa,poweshiek","Iowa",2006,11.4429690707154,19
19119,"iowa,lyon","Iowa",2012,10.1436302897839,19
19087,"iowa,henry","Iowa",2012,8.28563860304133,19
19073,"iowa,greene","Iowa",2011,11.5120160590741,19
19109,"iowa,kossuth","Iowa",2005,11.7693730156837,19
19127,"iowa,marshall","Iowa",2016,13.2632987638078,19
19121,"iowa,madison","Iowa",2006,9.9427663236496,19
19071,"iowa,fremont","Iowa",2009,11.7568190178003,19
19023,"iowa,butler","Iowa",2006,11.0851801310386,19
19143,"iowa,osceola","Iowa",2010,12.095776960652,19
19067,"iowa,floyd","Iowa",2005,11.5622320506077,19
19005,"iowa,allamakee","Iowa",2004,10.2503392717928,19
19015,"iowa,boone","Iowa",2014,11.3550910855316,19
19111,"iowa,lee","Iowa",2009,10.5390812231109,19
19161,"iowa,sac","Iowa",2013,8.95100049086132,19
19149,"iowa,plymouth","Iowa",2002,10.2628932696762,19
19065,"iowa,fayette","Iowa",2016,12.7109228569384,19
19053,"iowa,decatur","Iowa",2009,9.06398647181188,19
19065,"iowa,fayette","Iowa",2007,10.7524991871286,19
19175,"iowa,union","Iowa",2013,8.59948855012623,19
19107,"iowa,keokuk","Iowa",2004,11.9576829839347,19
19151,"iowa,pocahontas","Iowa",2005,11.5057390601324,19
19063,"iowa,emmet","Iowa",2009,11.9325749881679,19
19051,"iowa,davis","Iowa",2012,3.28914744544974,19
19141,"iowa,o'brien","Iowa",2008,12.2401479363111,19
19023,"iowa,butler","Iowa",2013,11.2483821035228,19
19195,"iowa,worth","Iowa",2009,11.3550910855316,19
19107,"iowa,keokuk","Iowa",2003,9.74190235751526,19
19111,"iowa,lee","Iowa",2005,8.12243663055719,19
19019,"iowa,buchanan","Iowa",2006,11.3488140865899,19
19093,"iowa,ida","Iowa",2003,10.4135412442769,19
19175,"iowa,union","Iowa",2007,9.67285536915658,19
19191,"iowa,winneshiek","Iowa",2012,8.82546051202736,19
19099,"iowa,jasper","Iowa",2007,11.3550910855316,19
19079,"iowa,hamilton","Iowa",2014,10.8654851680792,19
19001,"iowa,adair","Iowa",2001,7.99061965278153,19
19173,"iowa,taylor","Iowa",2006,8.93844649297792,19
19093,"iowa,ida","Iowa",2014,11.9200209902845,19
19179,"iowa,wapello","Iowa",2007,10.4888652315773,19
19079,"iowa,hamilton","Iowa",2006,11.5936170453162,19
19015,"iowa,boone","Iowa",2006,10.8403771723124,19
19197,"iowa,wright","Iowa",2003,10.3947102474519,19
19091,"iowa,humboldt","Iowa",2011,11.6438330368498,19
19193,"iowa,woodbury","Iowa",2008,11.6124480421413,19
19181,"iowa,warren","Iowa",2009,10.0557523046002,19
19063,"iowa,emmet","Iowa",2002,9.64774737338979,19
19079,"iowa,hamilton","Iowa",2004,11.3864760802401,19
19159,"iowa,ringgold","Iowa",2015,9.27740443582961,19
19131,"iowa,mitchell","Iowa",2010,11.9576829839347,19
19147,"iowa,palo alto","Iowa",2003,10.3947102474519,19
19089,"iowa,howard","Iowa",2016,12.6920918601133,19
19119,"iowa,lyon","Iowa",2006,10.288001265443,19
19025,"iowa,calhoun","Iowa",2012,8.46139457340888,19
19009,"iowa,audubon","Iowa",2016,12.9368948188395,19
19163,"iowa,scott","Iowa",2002,12.2589789331362,19
19047,"iowa,crawford","Iowa",2007,10.3884332485102,19
19175,"iowa,union","Iowa",2006,9.6414703744481,19
19183,"iowa,washington","Iowa",2014,12.0078989754682,19
19067,"iowa,floyd","Iowa",2001,9.35900542207169,19
19075,"iowa,grundy","Iowa",2005,11.9200209902845,19
19141,"iowa,o'brien","Iowa",2001,9.51593039561414,19
19089,"iowa,howard","Iowa",2004,10.0934142982504,19
19069,"iowa,franklin","Iowa",2001,9.622639377623,19
19137,"iowa,montgomery","Iowa",2014,10.2377852739094,19
19129,"iowa,mills","Iowa",2013,10.7336681903035,19
19185,"iowa,wayne","Iowa",2001,7.16205579247739,19
19189,"iowa,winnebago","Iowa",2009,11.3237060908232,19
19007,"iowa,appanoose","Iowa",2001,6.91097583480948,19
19195,"iowa,worth","Iowa",2010,12.1271619553605,19
19091,"iowa,humboldt","Iowa",2001,9.07654046969528,19
19163,"iowa,scott","Iowa",2008,11.5496780527243,19
19141,"iowa,o'brien","Iowa",2014,11.3174290918815,19
19027,"iowa,carroll","Iowa",2013,8.56810355541774,19
19077,"iowa,guthrie","Iowa",2007,9.96787431941639,19
19093,"iowa,ida","Iowa",2005,11.1102881268054,19
19095,"iowa,iowa","Iowa",2009,11.3111520929398,19
19037,"iowa,chickasaw","Iowa",2006,10.9596401522047,19
19159,"iowa,ringgold","Iowa",2002,8.0722206390236,19
19015,"iowa,boone","Iowa",2007,11.4366920717737,19
19017,"iowa,bremer","Iowa",2012,8.36723958928341,19
19107,"iowa,keokuk","Iowa",2014,12.1271619553605,19
19189,"iowa,winnebago","Iowa",2013,9.35900542207169,19
19179,"iowa,wapello","Iowa",2013,9.44060640831376,19
19121,"iowa,madison","Iowa",2009,10.5265272252275,19
19131,"iowa,mitchell","Iowa",2004,11.0035791447966,19
19065,"iowa,fayette","Iowa",2001,10.0557523046002,19
19079,"iowa,hamilton","Iowa",2007,11.3299830897649,19
19073,"iowa,greene","Iowa",2013,8.65598154060151,19
19047,"iowa,crawford","Iowa",2010,11.6626640336748,19
19097,"iowa,jackson","Iowa",2014,11.8572510008675,19
19045,"iowa,clinton","Iowa",2001,10.5516352209943,19
19185,"iowa,wayne","Iowa",2004,9.84233434058243,19
19075,"iowa,grundy","Iowa",2002,11.3927530791818,19
19011,"iowa,benton","Iowa",2002,11.160504118339,19
19171,"iowa,tama","Iowa",2006,10.8403771723124,19
19103,"iowa,johnson","Iowa",2001,9.81722634481564,19
19037,"iowa,chickasaw","Iowa",2014,9.89255033211601,19
19133,"iowa,monona","Iowa",2009,12.5414438855126,19
19035,"iowa,cherokee","Iowa",2001,9.41549841254697,19
19135,"iowa,monroe","Iowa",2009,9.81094934587394,19
19003,"iowa,adams","Iowa",2016,11.763096016742,19
19079,"iowa,hamilton","Iowa",2013,8.47394857129227,19
19161,"iowa,sac","Iowa",2011,11.5120160590741,19
19005,"iowa,allamakee","Iowa",2009,11.2734900992896,19
19161,"iowa,sac","Iowa",2004,11.5685090495494,19
19195,"iowa,worth","Iowa",2013,9.45943740513885,19
19175,"iowa,union","Iowa",2010,7.10556280200211,19
19013,"iowa,black hawk","Iowa",2008,10.3570482538017,19
19197,"iowa,wright","Iowa",2016,12.5665518812794,19
19123,"iowa,mahaska","Iowa",2013,10.5830202157028,19
19165,"iowa,shelby","Iowa",2008,11.9262979892262,19
19145,"iowa,page","Iowa",2012,7.29387277025305,19
19081,"iowa,hancock","Iowa",2006,11.0412411384467,19
19039,"iowa,clarke","Iowa",2013,7.94040366124794,19
19001,"iowa,adair","Iowa",2006,10.35077125486,19
19137,"iowa,montgomery","Iowa",2004,11.5057390601324,19
19031,"iowa,cedar","Iowa",2011,11.6061710431996,19
19125,"iowa,marion","Iowa",2008,8.97610848662811,19
19119,"iowa,lyon","Iowa",2013,11.9576829839347,19
19025,"iowa,calhoun","Iowa",2006,10.3884332485102,19
19187,"iowa,webster","Iowa",2002,11.3990300781235,19
19165,"iowa,shelby","Iowa",2012,8.64970454165982,19
19137,"iowa,montgomery","Iowa",2001,8.34213159351661,19
19023,"iowa,butler","Iowa",2010,11.3299830897649,19
19031,"iowa,cedar","Iowa",2010,10.9470861543213,19
19029,"iowa,cass","Iowa",2006,10.7211141924201,19
19011,"iowa,benton","Iowa",2007,11.3111520929398,19
19103,"iowa,johnson","Iowa",2003,10.0683063024836,19
19133,"iowa,monona","Iowa",2008,10.7336681903035,19
19011,"iowa,benton","Iowa",2012,8.11615963161549,19
19113,"iowa,linn","Iowa",2002,11.0851801310386,19
19059,"iowa,dickinson","Iowa",2009,11.6312790389664,19
19153,"iowa,polk","Iowa",2009,11.2107201098726,19
19031,"iowa,cedar","Iowa",2015,11.8509740019258,19
19029,"iowa,cass","Iowa",2002,8.47394857129227,19
19067,"iowa,floyd","Iowa",2011,11.367645083415,19
19051,"iowa,davis","Iowa",2009,8.95727748980302,19
19037,"iowa,chickasaw","Iowa",2015,12.7297538537635,19
19057,"iowa,des moines","Iowa",2004,11.9200209902845,19
19045,"iowa,clinton","Iowa",2004,10.8654851680792,19
19087,"iowa,henry","Iowa",2005,9.60380838079791,19
19001,"iowa,adair","Iowa",2008,10.6081282114696,19
19103,"iowa,johnson","Iowa",2010,9.47199140302225,19
19195,"iowa,worth","Iowa",2008,10.7336681903035,19
19183,"iowa,washington","Iowa",2012,8.29191560198303,19
19021,"iowa,buena vista","Iowa",2010,11.1918891130475,19
19101,"iowa,jefferson","Iowa",2009,9.41549841254697,19
19147,"iowa,palo alto","Iowa",2012,10.7085601945368,19
19041,"iowa,clay","Iowa",2013,10.495142230519,19
19021,"iowa,buena vista","Iowa",2003,10.0431983067168,19
19165,"iowa,shelby","Iowa",2005,10.7776071828954,19
19161,"iowa,sac","Iowa",2005,11.6626640336748,19
19083,"iowa,hardin","Iowa",2011,11.7191570241501,19
19027,"iowa,carroll","Iowa",2014,11.8384200040424,19
19157,"iowa,poweshiek","Iowa",2011,11.2358281056394,19
19001,"iowa,adair","Iowa",2012,6.55318689513269,19
19081,"iowa,hancock","Iowa",2001,9.10164846546207,19
19003,"iowa,adams","Iowa",2014,10.6646212019449,19
19189,"iowa,winnebago","Iowa",2012,10.1122452950754,19
19117,"iowa,lucas","Iowa",2001,7.43196674697041,19
19135,"iowa,monroe","Iowa",2012,4.22442028776274,19
19081,"iowa,hancock","Iowa",2002,10.5390812231109,19
19015,"iowa,boone","Iowa",2005,12.0769459638269,19
19141,"iowa,o'brien","Iowa",2006,10.4198182432186,19
19111,"iowa,lee","Iowa",2011,6.60340288666627,19
19067,"iowa,floyd","Iowa",2007,10.6771751998283,19
19099,"iowa,jasper","Iowa",2015,12.4849508950373,19
19003,"iowa,adams","Iowa",2001,7.55122972686267,19
19087,"iowa,henry","Iowa",2004,11.4366920717737,19
19169,"iowa,story","Iowa",2007,11.3425370876482,19
19001,"iowa,adair","Iowa",2009,11.2546591024645,19
19151,"iowa,pocahontas","Iowa",2008,11.1730581162224,19
19137,"iowa,montgomery","Iowa",2016,11.6438330368498,19
19177,"iowa,van buren","Iowa",2004,11.0098561437383,19
19119,"iowa,lyon","Iowa",2003,9.9364893247079,19
19029,"iowa,cass","Iowa",2011,10.9973021458549,19
19105,"iowa,jones","Iowa",2002,10.8592081691375,19
19191,"iowa,winneshiek","Iowa",2011,11.6877720294416,19
19107,"iowa,keokuk","Iowa",2016,13.093819792382,19
19157,"iowa,poweshiek","Iowa",2012,9.55986938820602,19
19167,"iowa,sioux","Iowa",2005,11.6312790389664,19
19021,"iowa,buena vista","Iowa",2001,9.06398647181188,19
19025,"iowa,calhoun","Iowa",2002,10.4700342347522,19
19157,"iowa,poweshiek","Iowa",2016,13.3825617437001,19
19125,"iowa,marion","Iowa",2011,9.57870038503112,19
19107,"iowa,keokuk","Iowa",2015,11.3613680844733,19
19183,"iowa,washington","Iowa",2006,11.5747860484911,19
19087,"iowa,henry","Iowa",2010,6.8419288464508,19
19081,"iowa,hancock","Iowa",2003,10.6144052104113,19
19031,"iowa,cedar","Iowa",2001,10.8403771723124,19
19143,"iowa,osceola","Iowa",2001,7.98434265383983,19
19185,"iowa,wayne","Iowa",2009,8.95727748980302,19
19009,"iowa,audubon","Iowa",2001,8.10360563373209,19
19095,"iowa,iowa","Iowa",2008,10.8592081691375,19
19123,"iowa,mahaska","Iowa",2015,11.9451289860513,19
19187,"iowa,webster","Iowa",2010,10.5704662178194,19
19131,"iowa,mitchell","Iowa",2008,10.9219781585545,19
19103,"iowa,johnson","Iowa",2005,8.52416456282586,19
19157,"iowa,poweshiek","Iowa",2015,12.4159039066786,19
19145,"iowa,page","Iowa",2004,11.2923210961147,19
19121,"iowa,madison","Iowa",2011,9.10792546440377,19
19045,"iowa,clinton","Iowa",2002,11.1040111278637,19
19109,"iowa,kossuth","Iowa",2011,11.2923210961147,19
19089,"iowa,howard","Iowa",2009,10.6646212019449,19
19067,"iowa,floyd","Iowa",2008,10.7336681903035,19
19063,"iowa,emmet","Iowa",2014,10.3570482538017,19
19133,"iowa,monona","Iowa",2005,9.86116533740752,19
19021,"iowa,buena vista","Iowa",2007,10.2315082749677,19
19121,"iowa,madison","Iowa",2002,9.44060640831376,19
19179,"iowa,wapello","Iowa",2005,8.54299555965095,19
19089,"iowa,howard","Iowa",2001,8.19148361891586,19
19195,"iowa,worth","Iowa",2012,8.98238548556981,19
19001,"iowa,adair","Iowa",2011,9.59125438291451,19
19045,"iowa,clinton","Iowa",2005,7.33153476390324,19
19071,"iowa,fremont","Iowa",2005,10.1247992929588,19
19115,"iowa,louisa","Iowa",2001,8.23542261150775,19
19071,"iowa,fremont","Iowa",2007,9.45943740513885,19
19073,"iowa,greene","Iowa",2007,11.2923210961147,19
19057,"iowa,des moines","Iowa",2015,11.0475181373884,19
19153,"iowa,polk","Iowa",2001,9.33389742630489,19
19069,"iowa,franklin","Iowa",2008,10.4825882326356,19
19149,"iowa,plymouth","Iowa",2008,11.9890679786431,19
19115,"iowa,louisa","Iowa",2013,9.9490433225913,19
19033,"iowa,cerro gordo","Iowa",2004,10.557912219936,19
19091,"iowa,humboldt","Iowa",2007,11.1416731215139,19
19093,"iowa,ida","Iowa",2011,11.4806310643656,19
19163,"iowa,scott","Iowa",2016,13.5583177140676,19
19133,"iowa,monona","Iowa",2016,11.5810630474328,19
19161,"iowa,sac","Iowa",2006,8.41117858187529,19
19195,"iowa,worth","Iowa",2006,10.827823174429,19
19031,"iowa,cedar","Iowa",2003,11.3048750939981,19
19123,"iowa,mahaska","Iowa",2011,10.3570482538017,19
19003,"iowa,adams","Iowa",2013,9.26485043794622,19
